id,partida_id,subalcance_id,unit_id,code,technical_description,official_description,finish_level,applies_private_housing,is_optional,requires_space_context,requires_system_context,requires_normative_validation,quantification_mode,default_formula_code,is_active,notes,metadata_json,created_at,updated_at
bda83b3c-0000-423a-8b2e-0175cc9ea734,2c1fd759-128f-4f55-9740-b6f160eb7ea4,,2425e3c6-524c-4cab-8322-2db51dfd6f11,ACA-001,"Piso cerámico residencial cuantificado por metro cuadrado de superficie neta realmente intervenida y confirmada. Material, formato, adhesivo, juntas, desperdicio y rendimientos se especifican en la tarjeta de P.U.",Piso cerámico residencial.,,True,False,True,False,True,por_area,F_M2_DIRECTA,True,"V1.8: identidad, unidad y regla normalizadas contra documentación V1.4. Referencia ConstruBase separada de la identidad canónica.","{""catalog_version"":""V1.8"",""source"":""documentacion_reglas_v1_4"",""identity_authority"":""quantia_catalog_master"",""normalized_at"":""2026-08-19T01:08:00+00:00"",""legacy_construbase"":{""match"":{""score"":0.2392,""codigo"":""10908-021"",""unidad"":""M"",""id_codigo"":""5133""},""source"":""txt_partida_construbase"",""source_file"":""acabados_construbase_apu.txt"",""sin_match_activo"":false}}",2026-03-23T21:42:00.943582+00:00,2026-08-19T01:08:00+00:00
95d8d4c4-06fe-4d4f-b371-0b1af5f63e12,2c1fd759-128f-4f55-9740-b6f160eb7ea4,,bc5da634-fc98-4bbe-855c-f74a9afc0f1b,ACA-002,Zoclo cerámico. Se cuantifica por metro lineal de longitud real ejecutada y confirmada. Los parámetros constructivos que determinan el costo se documentan en el proyecto y en la tarjeta de P.U.; no modifican la identidad canónica del concepto.,Zoclo cerámico.,,True,False,True,False,True,por_perimetro,F_ML_DIRECTA,True,"V1.8: identidad, unidad y regla normalizadas contra documentación V1.4. Referencia ConstruBase separada de la identidad canónica.","{""catalog_version"":""V1.8"",""source"":""documentacion_reglas_v1_4"",""identity_authority"":""quantia_catalog_master"",""normalized_at"":""2026-08-19T01:08:00+00:00"",""legacy_construbase"":{""match"":{""score"":0.1667,""codigo"":""10803-041"",""unidad"":""M"",""id_codigo"":""3005""},""source"":""txt_partida_construbase"",""source_file"":""acabados_construbase_apu.txt"",""sin_match_activo"":false}}",2026-03-23T21:42:00.943582+00:00,2026-08-19T01:08:00+00:00
865009de-1ebc-49ca-bc61-79ca2329355b,2c1fd759-128f-4f55-9740-b6f160eb7ea4,,2425e3c6-524c-4cab-8322-2db51dfd6f11,ACA-003,"Recubrimiento cerámico en muros de áreas húmedas cuantificado por metro cuadrado de superficie neta confirmada. Tipo de recubrimiento, adhesivo, juntas, desperdicio y rendimientos se especifican en la tarjeta de P.U.",Recubrimiento cerámico en muros de áreas húmedas.,,True,False,True,False,True,por_area,F_M2_DIRECTA,True,"V1.8: identidad, unidad y regla normalizadas contra documentación V1.4. Referencia ConstruBase separada de la identidad canónica.","{""catalog_version"":""V1.8"",""source"":""documentacion_reglas_v1_4"",""identity_authority"":""quantia_catalog_master"",""normalized_at"":""2026-08-19T01:08:00+00:00"",""legacy_construbase"":{""match"":{""score"":0.22565,""codigo"":""10901-148"",""unidad"":""PZA"",""id_codigo"":""4401""},""source"":""txt_partida_construbase"",""source_file"":""acabados_construbase_apu.txt"",""sin_match_activo"":false}}",2026-03-23T21:42:00.943582+00:00,2026-08-19T01:08:00+00:00
bba89709-9668-4125-abce-aca601a98333,2c1fd759-128f-4f55-9740-b6f160eb7ea4,,2425e3c6-524c-4cab-8322-2db51dfd6f11,ACA-004,Yeso fino en interiores. Se cuantifica por metro cuadrado de superficie o área neta realmente ejecutada y confirmada. Los parámetros constructivos que determinan el costo se documentan en el proyecto y en la tarjeta de P.U.; no modifican la identidad canónica del concepto.,Yeso fino en interiores.,,True,False,True,False,True,por_area,F_M2_DIRECTA,True,"V1.8: identidad, unidad y regla normalizadas contra documentación V1.4. Referencia ConstruBase separada de la identidad canónica.","{""catalog_version"":""V1.8"",""source"":""documentacion_reglas_v1_4"",""identity_authority"":""quantia_catalog_master"",""normalized_at"":""2026-08-19T01:08:00+00:00"",""legacy_construbase"":{""match"":{""score"":0.27299,""codigo"":""10605-093"",""unidad"":""M2"",""id_codigo"":""1877""},""source"":""txt_partida_construbase"",""source_file"":""acabados_construbase_apu.txt"",""sin_match_activo"":false}}",2026-03-23T21:42:00.943582+00:00,2026-08-19T01:08:00+00:00
61650d09-bebd-457e-89d9-d0c921a29e1a,2c1fd759-128f-4f55-9740-b6f160eb7ea4,,2425e3c6-524c-4cab-8322-2db51dfd6f11,ACA-004A,Aplanado terminado pulido en interiores en plafones. Se cuantifica por metro cuadrado de superficie o área neta realmente ejecutada y confirmada. Los parámetros constructivos que determinan el costo se documentan en el proyecto y en la tarjeta de P.U.; no modifican la identidad canónica del concepto.,Aplanado terminado pulido en interiores en plafones.,,True,False,True,False,True,por_area,F_M2_DIRECTA,True,"V1.8: identidad, unidad y regla normalizadas contra documentación V1.4. Referencia ConstruBase separada de la identidad canónica.","{""catalog_version"":""V1.8"",""source"":""documentacion_reglas_v1_4"",""identity_authority"":""quantia_catalog_master"",""normalized_at"":""2026-08-19T01:08:00+00:00"",""legacy_construbase"":{""source"":""reglas_calculo_reales_xlsx"",""aligned_at"":""2026-03-25"",""aligned_rules_file"":""Reglas de calculo reales.xlsx"",""status"":""pendiente_validacion_tecnica""}}",2026-03-26T00:19:19.76997+00:00,2026-08-19T01:08:00+00:00
37be16f1-2f83-409f-abfa-78ea86e06b0c,2c1fd759-128f-4f55-9740-b6f160eb7ea4,,2425e3c6-524c-4cab-8322-2db51dfd6f11,ACA-005,"Pintura vinílica en muros interiores cuantificada por metro cuadrado. La cantidad puede integrar área neta de muros o aplanados más el área convertida de boquillas y remates, calculada como longitud x 0.15 m, evitando duplicidades.",Pintura vinílica en muros interiores.,,True,False,True,False,True,por_area,F_M2_DIRECTA,True,"V1.8: identidad, unidad y regla normalizadas contra documentación V1.4. Referencia ConstruBase separada de la identidad canónica.","{""catalog_version"":""V1.8"",""source"":""documentacion_reglas_v1_4"",""identity_authority"":""quantia_catalog_master"",""normalized_at"":""2026-08-19T01:08:00+00:00"",""legacy_construbase"":{""match"":{""score"":0.56799,""codigo"":""10806-016"",""unidad"":""M2"",""id_codigo"":""2830""},""source"":""txt_partida_construbase"",""source_file"":""acabados_construbase_apu.txt"",""sin_match_activo"":false}}",2026-03-23T21:42:00.943582+00:00,2026-08-19T01:08:00+00:00
a174029a-4a20-47e4-bed6-f70647842abf,2c1fd759-128f-4f55-9740-b6f160eb7ea4,,2425e3c6-524c-4cab-8322-2db51dfd6f11,ACA-006,Pintura en plafones. Se cuantifica por metro cuadrado de superficie o área neta realmente ejecutada y confirmada. Los parámetros constructivos que determinan el costo se documentan en el proyecto y en la tarjeta de P.U.; no modifican la identidad canónica del concepto.,Pintura en plafones.,,True,False,True,False,True,por_area,F_M2_DIRECTA,True,"V1.8: identidad, unidad y regla normalizadas contra documentación V1.4. Referencia ConstruBase separada de la identidad canónica.","{""catalog_version"":""V1.8"",""source"":""documentacion_reglas_v1_4"",""identity_authority"":""quantia_catalog_master"",""normalized_at"":""2026-08-19T01:08:00+00:00"",""legacy_construbase"":{""match"":{""score"":0.542,""codigo"":""10806-024"",""unidad"":""M2"",""id_codigo"":""2838""},""source"":""txt_partida_construbase"",""source_file"":""acabados_construbase_apu.txt"",""sin_match_activo"":false}}",2026-03-23T21:42:00.943582+00:00,2026-08-19T01:08:00+00:00
5468df95-a947-42d7-aaf4-51edc62af39b,2c1fd759-128f-4f55-9740-b6f160eb7ea4,,2425e3c6-524c-4cab-8322-2db51dfd6f11,ACA-007,Pintura exterior o de fachada. Se cuantifica por metro cuadrado de superficie o área neta realmente ejecutada y confirmada. Los parámetros constructivos que determinan el costo se documentan en el proyecto y en la tarjeta de P.U.; no modifican la identidad canónica del concepto.,Pintura exterior o de fachada.,,True,False,True,False,True,por_area,F_M2_DIRECTA,True,"V1.8: identidad, unidad y regla normalizadas contra documentación V1.4. Referencia ConstruBase separada de la identidad canónica.","{""catalog_version"":""V1.8"",""source"":""documentacion_reglas_v1_4"",""identity_authority"":""quantia_catalog_master"",""normalized_at"":""2026-08-19T01:08:00+00:00"",""legacy_construbase"":{""match"":{""score"":0.34882,""codigo"":""10806-017"",""unidad"":""M2"",""id_codigo"":""2831""},""source"":""txt_partida_construbase"",""source_file"":""acabados_construbase_apu.txt"",""sin_match_activo"":false}}",2026-03-23T21:42:00.943582+00:00,2026-08-19T01:08:00+00:00
5769f6c3-12fc-4cec-ad3c-a94dcde08117,2c1fd759-128f-4f55-9740-b6f160eb7ea4,,2425e3c6-524c-4cab-8322-2db51dfd6f11,ACA-008,Impermeabilización de azotea. Se cuantifica por metro cuadrado de superficie o área neta realmente ejecutada y confirmada. Los parámetros constructivos que determinan el costo se documentan en el proyecto y en la tarjeta de P.U.; no modifican la identidad canónica del concepto.,Impermeabilización de azotea.,,True,False,True,False,True,por_area,F_M2_DIRECTA,True,"V1.8: identidad, unidad y regla normalizadas contra documentación V1.4. Referencia ConstruBase separada de la identidad canónica.","{""catalog_version"":""V1.8"",""source"":""documentacion_reglas_v1_4"",""identity_authority"":""quantia_catalog_master"",""normalized_at"":""2026-08-19T01:08:00+00:00"",""legacy_construbase"":{""match"":{""score"":0.1221,""codigo"":""10304-162"",""unidad"":""M2"",""id_codigo"":""389""},""source"":""txt_partida_construbase"",""source_file"":""acabados_construbase_apu.txt"",""sin_match_activo"":false}}",2026-03-23T21:42:00.943582+00:00,2026-08-19T01:08:00+00:00
c5c2bb33-3b46-4d81-8e33-6bb5a3a2f69c,2c1fd759-128f-4f55-9740-b6f160eb7ea4,,2425e3c6-524c-4cab-8322-2db51dfd6f11,ACA-101,Piso de porcelanato de primera calidad. Se cuantifica por metro cuadrado de superficie o área neta realmente ejecutada y confirmada. Los parámetros constructivos que determinan el costo se documentan en el proyecto y en la tarjeta de P.U.; no modifican la identidad canónica del concepto.,Piso de porcelanato de primera calidad.,,True,False,True,False,True,por_area,F_M2_DIRECTA,True,"V1.8: identidad, unidad y regla normalizadas contra documentación V1.4. Referencia ConstruBase separada de la identidad canónica.","{""catalog_version"":""V1.8"",""source"":""documentacion_reglas_v1_4"",""identity_authority"":""quantia_catalog_master"",""normalized_at"":""2026-08-19T01:08:00+00:00"",""legacy_construbase"":{""match"":{""score"":0.23363,""codigo"":""10901-113"",""unidad"":""M2"",""id_codigo"":""4366""},""source"":""txt_partida_construbase"",""source_file"":""acabados_construbase_apu.txt"",""sin_match_activo"":false}}",2026-03-23T21:42:00.943582+00:00,2026-08-19T01:08:00+00:00
66b90e65-36ae-4e36-ad35-e3d6c12049d8,2c1fd759-128f-4f55-9740-b6f160eb7ea4,,2425e3c6-524c-4cab-8322-2db51dfd6f11,ACA-102,Recubrimiento de primera calidad en muros de baño o cocina. Se cuantifica por metro cuadrado de superficie o área neta realmente ejecutada y confirmada. Los parámetros constructivos que determinan el costo se documentan en el proyecto y en la tarjeta de P.U.; no modifican la identidad canónica del concepto.,Recubrimiento de primera calidad en muros de baño o cocina.,,True,False,True,False,True,por_area,F_M2_DIRECTA,True,"V1.8: identidad, unidad y regla normalizadas contra documentación V1.4. Referencia ConstruBase separada de la identidad canónica.","{""catalog_version"":""V1.8"",""source"":""documentacion_reglas_v1_4"",""identity_authority"":""quantia_catalog_master"",""normalized_at"":""2026-08-19T01:08:00+00:00"",""legacy_construbase"":{""match"":{""score"":0.1789,""codigo"":""10803-021"",""unidad"":""M2"",""id_codigo"":""3004""},""source"":""txt_partida_construbase"",""source_file"":""acabados_construbase_apu.txt"",""sin_match_activo"":false}}",2026-03-23T21:42:00.943582+00:00,2026-08-19T01:08:00+00:00
5b5b6a8f-5b0a-4e80-888e-ec1e1ad7aa53,2c1fd759-128f-4f55-9740-b6f160eb7ea4,,fee08fec-2591-42f8-ac50-06cbb4707173,ACA-103,"Cancel de aluminio y cristal templado para regadera. Se cuantifica por pieza completamente ejecutada, suministrada o instalada, según corresponda al concepto. Los parámetros constructivos que determinan el costo se documentan en el proyecto y en la tarjeta de P.U.; no modifican la identidad canónica del concepto.",Cancel de aluminio y cristal templado para regadera.,,True,False,True,False,True,por_pieza,F_PZA_DIRECTA,True,"V1.8: identidad, unidad y regla normalizadas contra documentación V1.4. Referencia ConstruBase separada de la identidad canónica.","{""catalog_version"":""V1.8"",""source"":""documentacion_reglas_v1_4"",""identity_authority"":""quantia_catalog_master"",""normalized_at"":""2026-08-19T01:08:00+00:00"",""legacy_construbase"":{""match"":{""score"":0.29871,""codigo"":""11102-003"",""unidad"":""PZA"",""id_codigo"":""13140""},""source"":""txt_partida_construbase"",""source_file"":""acabados_construbase_apu.txt"",""sin_match_activo"":false}}",2026-03-23T21:42:00.943582+00:00,2026-08-19T01:08:00+00:00
e7f30892-bde3-4608-9b1d-f6e1f742a6f6,2c1fd759-128f-4f55-9740-b6f160eb7ea4,,fee08fec-2591-42f8-ac50-06cbb4707173,ACA-104,"Cubierta de granito, cuarzo o equivalente. Se cuantifica por pieza completamente ejecutada, suministrada o instalada, según corresponda al concepto. Los parámetros constructivos que determinan el costo se documentan en el proyecto y en la tarjeta de P.U.; no modifican la identidad canónica del concepto.","Cubierta de granito, cuarzo o equivalente.",,True,False,True,False,True,por_pieza,F_PZA_DIRECTA,True,"V1.8: identidad, unidad y regla normalizadas contra documentación V1.4. Referencia ConstruBase separada de la identidad canónica.","{""catalog_version"":""V1.8"",""source"":""documentacion_reglas_v1_4"",""identity_authority"":""quantia_catalog_master"",""normalized_at"":""2026-08-19T01:08:00+00:00"",""legacy_construbase"":{""match"":{""score"":0.13921,""codigo"":""11501-BERTOLINI-240"",""unidad"":""PZA"",""id_codigo"":""32352""},""source"":""txt_partida_construbase"",""source_file"":""acabados_construbase_apu.txt"",""sin_match_activo"":false}}",2026-03-23T21:42:00.943582+00:00,2026-08-19T01:08:00+00:00
69c564e4-eee6-4086-95c9-7881e069a55e,2c1fd759-128f-4f55-9740-b6f160eb7ea4,,fee08fec-2591-42f8-ac50-06cbb4707173,ACA-105,"Lavabo de primera calidad. Se cuantifica por pieza completamente ejecutada, suministrada o instalada, según corresponda al concepto. Los parámetros constructivos que determinan el costo se documentan en el proyecto y en la tarjeta de P.U.; no modifican la identidad canónica del concepto.",Lavabo de primera calidad.,,True,False,True,False,True,por_pieza,F_PZA_DIRECTA,True,"V1.8: identidad, unidad y regla normalizadas contra documentación V1.4. Referencia ConstruBase separada de la identidad canónica.","{""catalog_version"":""V1.8"",""source"":""documentacion_reglas_v1_4"",""identity_authority"":""quantia_catalog_master"",""normalized_at"":""2026-08-19T01:08:00+00:00"",""legacy_construbase"":{""match"":{""score"":0.39145,""codigo"":""11403-LV LUGANO"",""unidad"":""PZA"",""id_codigo"":""14854""},""source"":""txt_partida_construbase"",""source_file"":""acabados_construbase_apu.txt"",""sin_match_activo"":false}}",2026-03-23T21:42:00.943582+00:00,2026-08-19T01:08:00+00:00
3ea038ea-4a19-46bd-b88c-8f8b3fbdb5de,2c1fd759-128f-4f55-9740-b6f160eb7ea4,,fee08fec-2591-42f8-ac50-06cbb4707173,ACA-106,"Grifería de primera calidad. Se cuantifica por pieza completamente ejecutada, suministrada o instalada, según corresponda al concepto. Los parámetros constructivos que determinan el costo se documentan en el proyecto y en la tarjeta de P.U.; no modifican la identidad canónica del concepto.",Grifería de primera calidad.,,True,False,True,False,True,por_pieza,F_PZA_DIRECTA,True,"V1.8: identidad, unidad y regla normalizadas contra documentación V1.4. Referencia ConstruBase separada de la identidad canónica.","{""catalog_version"":""V1.8"",""source"":""documentacion_reglas_v1_4"",""identity_authority"":""quantia_catalog_master"",""normalized_at"":""2026-08-19T01:08:00+00:00"",""legacy_construbase"":{""match"":{""score"":0.29558,""codigo"":""11402-2064101MX.002"",""unidad"":""PZA"",""id_codigo"":""31676""},""source"":""txt_partida_construbase"",""source_file"":""acabados_construbase_apu.txt"",""sin_match_activo"":false}}",2026-03-23T21:42:00.943582+00:00,2026-08-19T01:08:00+00:00
f8bafe33-d27c-4441-9288-ff3020518db8,0ec26132-fc88-445f-8daa-ca779955d0ad,,2425e3c6-524c-4cab-8322-2db51dfd6f11,ALB-001,Muro de tabique rojo recocido. Se cuantifica por metro cuadrado de superficie o área neta realmente ejecutada y confirmada. Los parámetros constructivos que determinan el costo se documentan en el proyecto y en la tarjeta de P.U.; no modifican la identidad canónica del concepto.,Muro de tabique rojo recocido.,,True,False,False,False,True,por_area,F_M2_DIRECTA,True,"V1.8: identidad, unidad y regla normalizadas contra documentación V1.4. Referencia ConstruBase separada de la identidad canónica.","{""catalog_version"":""V1.8"",""source"":""documentacion_reglas_v1_4"",""identity_authority"":""quantia_catalog_master"",""normalized_at"":""2026-08-19T01:08:00+00:00"",""legacy_construbase"":{""match"":{""score"":0.57912,""codigo"":""10601-002"",""unidad"":""M2"",""id_codigo"":""1583""},""source"":""txt_partida_construbase"",""source_file"":""albanileria_construbase_apu.txt"",""sin_match_activo"":false}}",2026-03-23T21:42:00.943582+00:00,2026-08-19T01:08:00+00:00
bbfdeaf2-5987-46c7-aa7c-0a01305a1265,0ec26132-fc88-445f-8daa-ca779955d0ad,,2425e3c6-524c-4cab-8322-2db51dfd6f11,ALB-002,Muro de block hueco de concreto. Se cuantifica por metro cuadrado de superficie o área neta realmente ejecutada y confirmada. Los parámetros constructivos que determinan el costo se documentan en el proyecto y en la tarjeta de P.U.; no modifican la identidad canónica del concepto.,Muro de block hueco de concreto.,,True,False,False,False,True,por_area,F_M2_DIRECTA,True,"V1.8: identidad, unidad y regla normalizadas contra documentación V1.4. Referencia ConstruBase separada de la identidad canónica.","{""catalog_version"":""V1.8"",""source"":""documentacion_reglas_v1_4"",""identity_authority"":""quantia_catalog_master"",""normalized_at"":""2026-08-19T01:08:00+00:00"",""legacy_construbase"":{""match"":{""score"":0.46688,""codigo"":""10601-081"",""unidad"":""M2"",""id_codigo"":""1634""},""source"":""txt_partida_construbase"",""source_file"":""albanileria_construbase_apu.txt"",""sin_match_activo"":false}}",2026-03-23T21:42:00.943582+00:00,2026-08-19T01:08:00+00:00
177dc4dc-585c-4963-bcda-8c4dc06cd856,0ec26132-fc88-445f-8daa-ca779955d0ad,,2425e3c6-524c-4cab-8322-2db51dfd6f11,ALB-003,Muro divisorio ligero tipo tablaroca. Se cuantifica por metro cuadrado de superficie o área neta realmente ejecutada y confirmada. Los parámetros constructivos que determinan el costo se documentan en el proyecto y en la tarjeta de P.U.; no modifican la identidad canónica del concepto.,Muro divisorio ligero tipo tablaroca.,,True,False,False,False,True,por_area,F_M2_DIRECTA,True,"V1.8: identidad, unidad y regla normalizadas contra documentación V1.4. Referencia ConstruBase separada de la identidad canónica.","{""catalog_version"":""V1.8"",""source"":""documentacion_reglas_v1_4"",""identity_authority"":""quantia_catalog_master"",""normalized_at"":""2026-08-19T01:08:00+00:00"",""legacy_construbase"":{""match"":{""score"":0.28558,""codigo"":""10304-013"",""unidad"":""M2"",""id_codigo"":""456""},""source"":""txt_partida_construbase"",""source_file"":""albanileria_construbase_apu.txt"",""sin_match_activo"":false}}",2026-03-23T21:42:00.943582+00:00,2026-08-19T01:08:00+00:00
9abe0f82-53c0-4ef8-bf9e-5198a70904a1,0ec26132-fc88-445f-8daa-ca779955d0ad,,2425e3c6-524c-4cab-8322-2db51dfd6f11,ALB-004,Aplanado fino en muros. Se cuantifica por metro cuadrado de superficie o área neta realmente ejecutada y confirmada. Los parámetros constructivos que determinan el costo se documentan en el proyecto y en la tarjeta de P.U.; no modifican la identidad canónica del concepto.,Aplanado fino en muros.,,True,False,False,False,True,por_area,F_M2_DIRECTA,True,"V1.8: identidad, unidad y regla normalizadas contra documentación V1.4. Referencia ConstruBase separada de la identidad canónica.","{""catalog_version"":""V1.8"",""source"":""documentacion_reglas_v1_4"",""identity_authority"":""quantia_catalog_master"",""normalized_at"":""2026-08-19T01:08:00+00:00"",""legacy_construbase"":{""match"":{""score"":0.38933,""codigo"":""10605-004"",""unidad"":""M2"",""id_codigo"":""1817""},""source"":""txt_partida_construbase"",""source_file"":""albanileria_construbase_apu.txt"",""sin_match_activo"":false}}",2026-03-23T21:42:00.943582+00:00,2026-08-19T01:08:00+00:00
5afd5ca4-6e55-41f4-8639-8d8910b6bec6,0ec26132-fc88-445f-8daa-ca779955d0ad,,2425e3c6-524c-4cab-8322-2db51dfd6f11,ALB-005,Aplanado fino en plafón. Se cuantifica por metro cuadrado de superficie o área neta realmente ejecutada y confirmada. Los parámetros constructivos que determinan el costo se documentan en el proyecto y en la tarjeta de P.U.; no modifican la identidad canónica del concepto.,Aplanado fino en plafón.,,True,False,False,False,True,por_area,F_M2_DIRECTA,True,"V1.8: identidad, unidad y regla normalizadas contra documentación V1.4. Referencia ConstruBase separada de la identidad canónica.","{""catalog_version"":""V1.8"",""source"":""documentacion_reglas_v1_4"",""identity_authority"":""quantia_catalog_master"",""normalized_at"":""2026-08-19T01:08:00+00:00"",""legacy_construbase"":{""match"":{""score"":0.39663,""codigo"":""10605-073"",""unidad"":""M2"",""id_codigo"":""1869""},""source"":""txt_partida_construbase"",""source_file"":""albanileria_construbase_apu.txt"",""sin_match_activo"":false}}",2026-03-23T21:42:00.943582+00:00,2026-08-19T01:08:00+00:00
06b77f74-15b3-4f07-8436-d6a1992160bd,0ec26132-fc88-445f-8daa-ca779955d0ad,,bc5da634-fc98-4bbe-855c-f74a9afc0f1b,ALB-006,Remates y boquillas en vanos y aristas. Se cuantifica por metro lineal de longitud real ejecutada y confirmada. Los parámetros constructivos que determinan el costo se documentan en el proyecto y en la tarjeta de P.U.; no modifican la identidad canónica del concepto.,Remates y boquillas en vanos y aristas.,,True,False,False,False,True,por_perimetro,F_ML_DIRECTA,True,"V1.8: identidad, unidad y regla normalizadas contra documentación V1.4. Referencia ConstruBase separada de la identidad canónica.","{""catalog_version"":""V1.8"",""source"":""documentacion_reglas_v1_4"",""identity_authority"":""quantia_catalog_master"",""normalized_at"":""2026-08-19T01:08:00+00:00"",""legacy_construbase"":{""match"":{""score"":0.17769,""codigo"":""10605-021"",""unidad"":""M"",""id_codigo"":""1828""},""source"":""txt_partida_construbase"",""source_file"":""albanileria_construbase_apu.txt"",""sin_match_activo"":false}}",2026-03-23T21:42:00.943582+00:00,2026-08-19T01:08:00+00:00
c8793ed7-f678-496f-ba08-489823411bfb,0ec26132-fc88-445f-8daa-ca779955d0ad,,2425e3c6-524c-4cab-8322-2db51dfd6f11,ALB-007,Formación de pendientes en azotea. Se cuantifica por metro cuadrado de superficie o área neta realmente ejecutada y confirmada. Los parámetros constructivos que determinan el costo se documentan en el proyecto y en la tarjeta de P.U.; no modifican la identidad canónica del concepto.,Formación de pendientes en azotea.,,True,False,False,False,True,por_area,F_M2_DIRECTA,True,"V1.8: identidad, unidad y regla normalizadas contra documentación V1.4. Referencia ConstruBase separada de la identidad canónica.","{""catalog_version"":""V1.8"",""source"":""documentacion_reglas_v1_4"",""identity_authority"":""quantia_catalog_master"",""normalized_at"":""2026-08-19T01:08:00+00:00"",""legacy_construbase"":{""match"":{""score"":0.33983,""codigo"":""10613-021"",""unidad"":""M2"",""id_codigo"":""2043""},""source"":""txt_partida_construbase"",""source_file"":""albanileria_construbase_apu.txt"",""sin_match_activo"":false}}",2026-03-23T21:42:00.943582+00:00,2026-08-19T01:08:00+00:00
790d3036-f22c-4b6e-b0c4-5a19278c5cf2,6b4dadfd-2f8b-4c7e-b8e0-bb4416040cc3,,2425e3c6-524c-4cab-8322-2db51dfd6f11,CAN-001,"Ventana de aluminio con cristal cuantificada por metro cuadrado de área real de cancelería. Perfiles, tipo y espesor de cristal, herrajes y sistema de apertura se definen en proyecto y tarjeta de P.U.",Ventana de aluminio con cristal.,,True,False,True,False,True,por_area,F_M2_DIRECTA,True,"V1.8: identidad, unidad y regla normalizadas contra documentación V1.4. Referencia ConstruBase separada de la identidad canónica.","{""catalog_version"":""V1.8"",""source"":""documentacion_reglas_v1_4"",""identity_authority"":""quantia_catalog_master"",""normalized_at"":""2026-08-19T01:08:00+00:00"",""legacy_construbase"":{""match"":{""score"":0.49652,""codigo"":""11101-051"",""unidad"":""PZA"",""id_codigo"":""13131""},""source"":""txt_partida_construbase"",""source_file"":""canceleria_construbase_apu.txt"",""sin_match_activo"":false}}",2026-03-23T21:42:00.943582+00:00,2026-08-19T01:08:00+00:00
44f1038d-bf39-49a6-9642-44b741d26755,6b4dadfd-2f8b-4c7e-b8e0-bb4416040cc3,,fee08fec-2591-42f8-ac50-06cbb4707173,CAN-002,"Puerta de aluminio y cristal. Se cuantifica por pieza completamente ejecutada, suministrada o instalada, según corresponda al concepto. Los parámetros constructivos que determinan el costo se documentan en el proyecto y en la tarjeta de P.U.; no modifican la identidad canónica del concepto.",Puerta de aluminio y cristal.,,True,False,True,False,True,por_pieza,F_PZA_DIRECTA,True,"V1.8: identidad, unidad y regla normalizadas contra documentación V1.4. Referencia ConstruBase separada de la identidad canónica.","{""catalog_version"":""V1.8"",""source"":""documentacion_reglas_v1_4"",""identity_authority"":""quantia_catalog_master"",""normalized_at"":""2026-08-19T01:08:00+00:00"",""legacy_construbase"":{""match"":{""score"":0.34927,""codigo"":""11101-052"",""unidad"":""PZA"",""id_codigo"":""13132""},""source"":""txt_partida_construbase"",""source_file"":""canceleria_construbase_apu.txt"",""sin_match_activo"":false}}",2026-03-23T21:42:00.943582+00:00,2026-08-19T01:08:00+00:00
4e624473-26d6-4101-879a-3d4a8b113b7f,469f29de-ca0c-4241-8e2d-94af813c4fd5,,fee08fec-2591-42f8-ac50-06cbb4707173,CAR-001,"Puerta interior de madera. Se cuantifica por pieza completamente ejecutada, suministrada o instalada, según corresponda al concepto. Los parámetros constructivos que determinan el costo se documentan en el proyecto y en la tarjeta de P.U.; no modifican la identidad canónica del concepto.",Puerta interior de madera.,,True,False,True,False,True,por_pieza,F_PZA_DIRECTA,True,"V1.8: identidad, unidad y regla normalizadas contra documentación V1.4. Referencia ConstruBase separada de la identidad canónica.","{""catalog_version"":""V1.8"",""source"":""documentacion_reglas_v1_4"",""identity_authority"":""quantia_catalog_master"",""normalized_at"":""2026-08-19T01:08:00+00:00"",""legacy_construbase"":{""match"":{""score"":0.34253,""codigo"":""11301-009"",""unidad"":""PZA"",""id_codigo"":""5191""},""source"":""txt_partida_construbase"",""source_file"":""carpinteria_construbase_apu.txt"",""sin_match_activo"":false}}",2026-03-23T21:42:00.943582+00:00,2026-08-19T01:08:00+00:00
46c6c39c-5890-4b46-87bd-23b0067a3ee8,469f29de-ca0c-4241-8e2d-94af813c4fd5,,fee08fec-2591-42f8-ac50-06cbb4707173,CAR-002,"Puerta principal. Se cuantifica por pieza completamente ejecutada, suministrada o instalada, según corresponda al concepto. Los parámetros constructivos que determinan el costo se documentan en el proyecto y en la tarjeta de P.U.; no modifican la identidad canónica del concepto.",Puerta principal.,,True,False,True,False,True,por_pieza,F_PZA_DIRECTA,True,"V1.8: identidad, unidad y regla normalizadas contra documentación V1.4. Referencia ConstruBase separada de la identidad canónica.","{""catalog_version"":""V1.8"",""source"":""documentacion_reglas_v1_4"",""identity_authority"":""quantia_catalog_master"",""normalized_at"":""2026-08-19T01:08:00+00:00"",""legacy_construbase"":{""match"":{""score"":0.28873,""codigo"":""11301-061"",""unidad"":""PZA"",""id_codigo"":""6431""},""source"":""txt_partida_construbase"",""source_file"":""carpinteria_construbase_apu.txt"",""sin_match_activo"":false}}",2026-03-23T21:42:00.943582+00:00,2026-08-19T01:08:00+00:00
8d608179-0252-4d9c-b72b-8f2b3f8ca555,469f29de-ca0c-4241-8e2d-94af813c4fd5,,fee08fec-2591-42f8-ac50-06cbb4707173,CAR-003,"Clóset o frente de clóset. Se cuantifica por pieza completamente ejecutada, suministrada o instalada, según corresponda al concepto. Los parámetros constructivos que determinan el costo se documentan en el proyecto y en la tarjeta de P.U.; no modifican la identidad canónica del concepto.",Clóset o frente de clóset.,,True,False,True,False,True,por_pieza,F_PZA_DIRECTA,True,"V1.8: identidad, unidad y regla normalizadas contra documentación V1.4. Referencia ConstruBase separada de la identidad canónica.","{""catalog_version"":""V1.8"",""source"":""documentacion_reglas_v1_4"",""identity_authority"":""quantia_catalog_master"",""normalized_at"":""2026-08-19T01:08:00+00:00"",""legacy_construbase"":{""match"":{""score"":0.26314,""codigo"":""11304-012"",""unidad"":""PZA"",""id_codigo"":""13414""},""source"":""txt_partida_construbase"",""source_file"":""carpinteria_construbase_apu.txt"",""sin_match_activo"":false}}",2026-03-23T21:42:00.943582+00:00,2026-08-19T01:08:00+00:00
e4c3b8fd-35df-4956-892c-c2e4e9d148c5,469f29de-ca0c-4241-8e2d-94af813c4fd5,,fee08fec-2591-42f8-ac50-06cbb4707173,CAR-004,"Cocina integral básica. Se cuantifica por pieza completamente ejecutada, suministrada o instalada, según corresponda al concepto. Los parámetros constructivos que determinan el costo se documentan en el proyecto y en la tarjeta de P.U.; no modifican la identidad canónica del concepto.",Cocina integral básica.,,True,False,True,False,True,por_pieza,F_PZA_DIRECTA,True,"V1.8: identidad, unidad y regla normalizadas contra documentación V1.4. Referencia ConstruBase separada de la identidad canónica.","{""catalog_version"":""V1.8"",""source"":""documentacion_reglas_v1_4"",""identity_authority"":""quantia_catalog_master"",""normalized_at"":""2026-08-19T01:08:00+00:00"",""legacy_construbase"":{""match"":{""score"":0.14901,""codigo"":""11501-BERTOLINI-240"",""unidad"":""PZA"",""id_codigo"":""32352""},""source"":""txt_partida_construbase"",""source_file"":""carpinteria_construbase_apu.txt"",""sin_match_activo"":false}}",2026-03-23T21:42:00.943582+00:00,2026-08-19T01:08:00+00:00
25eae630-7ba3-4333-b3bf-31d7dcd3b610,620a82c0-1777-45fd-b876-89bdf4ce972d,,2425e3c6-524c-4cab-8322-2db51dfd6f11,CIM-001,Plantilla de concreto simple para desplante de cimentación. Se cuantifica por metro cuadrado de superficie o área neta realmente ejecutada y confirmada. Los parámetros constructivos que determinan el costo se documentan en el proyecto y en la tarjeta de P.U.; no modifican la identidad canónica del concepto.,Plantilla de concreto simple para desplante de cimentación.,,True,False,False,False,True,por_area,F_M2_DIRECTA,True,"V1.8: identidad, unidad y regla normalizadas contra documentación V1.4. Referencia ConstruBase separada de la identidad canónica.","{""catalog_version"":""V1.8"",""source"":""documentacion_reglas_v1_4"",""identity_authority"":""quantia_catalog_master"",""normalized_at"":""2026-08-19T01:08:00+00:00"",""legacy_construbase"":{""match"":{""score"":0.30116,""codigo"":""10401-262"",""unidad"":""M2"",""id_codigo"":""681""},""source"":""txt_partida_construbase"",""source_file"":""cimentacion_construbase_apu.txt"",""sin_match_activo"":false}}",2026-03-23T21:42:00.943582+00:00,2026-08-19T01:08:00+00:00
15b18a92-0922-49f8-ba56-fd5d133449f1,620a82c0-1777-45fd-b876-89bdf4ce972d,,bc5da634-fc98-4bbe-855c-f74a9afc0f1b,CIM-002,"Zapata corrida de concreto reforzado cuantificada por metro lineal de eje o tramo real. La sección, armado, concreto, cimbra y la integración o separación de contratrabe se documentan en proyecto y tarjeta de P.U.",Zapata corrida de concreto reforzado.,,True,False,False,False,True,por_perimetro,F_ML_DIRECTA,True,"V1.8: identidad, unidad y regla normalizadas contra documentación V1.4. Referencia ConstruBase separada de la identidad canónica.","{""catalog_version"":""V1.8"",""source"":""documentacion_reglas_v1_4"",""identity_authority"":""quantia_catalog_master"",""normalized_at"":""2026-08-19T01:08:00+00:00"",""legacy_construbase"":{""match"":{""score"":0.17139,""codigo"":""10606-030"",""unidad"":""M2"",""id_codigo"":""1963""},""source"":""txt_partida_construbase"",""source_file"":""cimentacion_construbase_apu.txt"",""sin_match_activo"":false}}",2026-03-23T21:42:00.943582+00:00,2026-08-19T01:08:00+00:00
125988bc-6206-4efb-8603-379a5ee6dd70,620a82c0-1777-45fd-b876-89bdf4ce972d,,fee08fec-2591-42f8-ac50-06cbb4707173,CIM-003,"Zapata aislada de concreto reforzado de 0.80 x 0.80 m, cuantificada por pieza. Profundidad máxima documental de excavación asociada: 1.00 m. Concreto, acero, cimbra, dado y mano de obra se definen en proyecto y tarjeta de P.U.",Zapata aislada de concreto reforzado 0.80 x 0.80 m.,,True,False,False,False,True,por_pieza,F_PZA_DIRECTA,True,"V1.8: identidad, unidad y regla normalizadas contra documentación V1.4. Referencia ConstruBase separada de la identidad canónica.","{""catalog_version"":""V1.8"",""source"":""documentacion_reglas_v1_4"",""identity_authority"":""quantia_catalog_master"",""normalized_at"":""2026-08-19T01:08:00+00:00"",""legacy_construbase"":{""match"":{""score"":0.17444,""codigo"":""10606-031"",""unidad"":""M2"",""id_codigo"":""1964""},""source"":""txt_partida_construbase"",""source_file"":""cimentacion_construbase_apu.txt"",""sin_match_activo"":false}}",2026-03-23T21:42:00.943582+00:00,2026-08-19T01:08:00+00:00
c1497b86-9857-4170-b01b-f47b7fab5b56,620a82c0-1777-45fd-b876-89bdf4ce972d,,fee08fec-2591-42f8-ac50-06cbb4707173,CIM-003A,"Zapata aislada de concreto reforzado de 1.00 x 1.00 m, cuantificada por pieza. Profundidad máxima documental de excavación asociada: 1.00 m. Concreto, acero, cimbra, dado y mano de obra se definen en proyecto y tarjeta de P.U.",Zapata aislada de concreto reforzado 1.00 x 1.00 m.,,True,False,False,False,True,por_pieza,F_PZA_DIRECTA,True,Alta V1.8 desde documentación V1.4. Requiere tarjeta P.U. propia; no reutilizar la tarjeta de CIM-003.,"{""catalog_version"":""V1.8"",""source"":""documentacion_reglas_v1_4"",""identity_authority"":""quantia_catalog_master"",""normalized_at"":""2026-08-19T01:08:00+00:00"",""economic_status"":""new_card_required""}",2026-08-19T01:08:00+00:00,2026-08-19T01:08:00+00:00
8b4dc3be-90d9-413c-b21a-195783c74176,620a82c0-1777-45fd-b876-89bdf4ce972d,,fee08fec-2591-42f8-ac50-06cbb4707173,CIM-004,"Dado de concreto reforzado para arranque estructural, cuantificado por pieza y asociado a zapatas aisladas cuando el diseño lo indique. Dimensiones, armado y materiales se definen en proyecto y tarjeta de P.U.",Dado de concreto reforzado para arranque estructural.,,True,False,False,False,True,por_pieza,F_PZA_DIRECTA,True,"V1.8: identidad, unidad y regla normalizadas contra documentación V1.4. Referencia ConstruBase separada de la identidad canónica.","{""catalog_version"":""V1.8"",""source"":""documentacion_reglas_v1_4"",""identity_authority"":""quantia_catalog_master"",""normalized_at"":""2026-08-19T01:08:00+00:00"",""legacy_construbase"":{""match"":{""score"":0.17507,""codigo"":""10304-211"",""unidad"":""M2"",""id_codigo"":""394""},""source"":""txt_partida_construbase"",""source_file"":""cimentacion_construbase_apu.txt"",""sin_match_activo"":false}}",2026-03-23T21:42:00.943582+00:00,2026-08-19T01:08:00+00:00
fb975b51-3747-4d6a-850c-39e1dd9c6dfc,620a82c0-1777-45fd-b876-89bdf4ce972d,,bc5da634-fc98-4bbe-855c-f74a9afc0f1b,CIM-005,"Cadena o dala de desplante de concreto reforzado, cuantificada por metro lineal de tramo real. Sección, armado, concreto y cimbra se integran en la tarjeta de P.U. evitando duplicidad con otros conceptos de cimentación.",Cadena de desplante de concreto reforzado.,,True,False,False,False,True,por_perimetro,F_ML_DIRECTA,True,"V1.8: identidad, unidad y regla normalizadas contra documentación V1.4. Referencia ConstruBase separada de la identidad canónica.","{""catalog_version"":""V1.8"",""source"":""documentacion_reglas_v1_4"",""identity_authority"":""quantia_catalog_master"",""normalized_at"":""2026-08-19T01:08:00+00:00"",""legacy_construbase"":{""match"":{""score"":0.16336,""codigo"":""10401-383"",""unidad"":""M2"",""id_codigo"":""719""},""source"":""txt_partida_construbase"",""source_file"":""cimentacion_construbase_apu.txt"",""sin_match_activo"":false}}",2026-03-23T21:42:00.943582+00:00,2026-08-19T01:08:00+00:00
54aa37ea-baef-4c9a-8c8d-bb078c5993d5,620a82c0-1777-45fd-b876-89bdf4ce972d,,bc5da634-fc98-4bbe-855c-f74a9afc0f1b,CIM-005A,Contratrabe en zapata corrida de concreto reforzado 20x30 cm. Se cuantifica por metro lineal de longitud real ejecutada y confirmada. Los parámetros constructivos que determinan el costo se documentan en el proyecto y en la tarjeta de P.U.; no modifican la identidad canónica del concepto.,Contratrabe en zapata corrida de concreto reforzado 20x30 cm.,,True,False,True,True,True,por_perimetro,F_ML_DIRECTA,True,"V1.8: identidad, unidad y regla normalizadas contra documentación V1.4. Referencia ConstruBase separada de la identidad canónica.","{""catalog_version"":""V1.8"",""source"":""documentacion_reglas_v1_4"",""identity_authority"":""quantia_catalog_master"",""normalized_at"":""2026-08-19T01:08:00+00:00"",""legacy_construbase"":{""source"":""reglas_calculo_reales_xlsx"",""aligned_at"":""2026-03-25"",""aligned_rules_file"":""Reglas de calculo reales.xlsx"",""status"":""pendiente_validacion_tecnica""}}",2026-03-26T00:19:19.76997+00:00,2026-08-19T01:08:00+00:00
28af56ce-5270-451f-8103-27ada4bedc56,620a82c0-1777-45fd-b876-89bdf4ce972d,,bc5da634-fc98-4bbe-855c-f74a9afc0f1b,CIM-006,Muro de cimentación de mampostería cuantificado por metro lineal. La sección transversal y sus dimensiones forman parte de la tarjeta de P.U.; la unidad presupuestal permanece lineal.,Muro de cimentación de mampostería.,,True,False,False,False,True,por_perimetro,F_ML_DIRECTA,True,"V1.8: identidad, unidad y regla normalizadas contra documentación V1.4. Referencia ConstruBase separada de la identidad canónica.","{""catalog_version"":""V1.8"",""source"":""documentacion_reglas_v1_4"",""identity_authority"":""quantia_catalog_master"",""normalized_at"":""2026-08-19T01:08:00+00:00"",""legacy_construbase"":{""match"":{""score"":0.16991,""codigo"":""10401-551"",""unidad"":""M3"",""id_codigo"":""748""},""source"":""txt_partida_construbase"",""source_file"":""cimentacion_construbase_apu.txt"",""sin_match_activo"":false}}",2026-03-23T21:42:00.943582+00:00,2026-08-19T01:08:00+00:00
58d1d48f-5ebf-4696-af07-a117a723607d,620a82c0-1777-45fd-b876-89bdf4ce972d,,86274f0a-fd0a-4380-b58f-d460b2eca1a7,CIM-007,Relleno interior compactado en áreas de desplante. Se cuantifica por metro cúbico de volumen real ejecutado y confirmado. Los parámetros constructivos que determinan el costo se documentan en el proyecto y en la tarjeta de P.U.; no modifican la identidad canónica del concepto.,Relleno interior compactado en áreas de desplante.,,True,False,False,False,True,por_volumen,F_M3_DIRECTA,True,"V1.8: identidad, unidad y regla normalizadas contra documentación V1.4. Referencia ConstruBase separada de la identidad canónica.","{""catalog_version"":""V1.8"",""source"":""documentacion_reglas_v1_4"",""identity_authority"":""quantia_catalog_master"",""normalized_at"":""2026-08-19T01:08:00+00:00"",""legacy_construbase"":{""match"":{""score"":0.24321,""codigo"":""10401-502"",""unidad"":""M3"",""id_codigo"":""734""},""source"":""txt_partida_construbase"",""source_file"":""cimentacion_construbase_apu.txt"",""sin_match_activo"":false}}",2026-03-23T21:42:00.943582+00:00,2026-08-19T01:08:00+00:00
6a3a9c13-cf65-4a66-bf77-28a0719a3fa8,620a82c0-1777-45fd-b876-89bdf4ce972d,,2425e3c6-524c-4cab-8322-2db51dfd6f11,CIM-008,Firme de concreto simple. Se cuantifica por metro cuadrado de superficie o área neta realmente ejecutada y confirmada. Los parámetros constructivos que determinan el costo se documentan en el proyecto y en la tarjeta de P.U.; no modifican la identidad canónica del concepto.,Firme de concreto simple.,,True,False,False,False,True,por_area,F_M2_DIRECTA,True,"V1.8: identidad, unidad y regla normalizadas contra documentación V1.4. Referencia ConstruBase separada de la identidad canónica.","{""catalog_version"":""V1.8"",""source"":""documentacion_reglas_v1_4"",""identity_authority"":""quantia_catalog_master"",""normalized_at"":""2026-08-19T01:08:00+00:00"",""legacy_construbase"":{""match"":{""score"":0.31441,""codigo"":""ABF3"",""unidad"":""M2"",""id_codigo"":""12689""},""source"":""txt_partida_construbase"",""source_file"":""cimentacion_construbase_apu.txt"",""sin_match_activo"":false}}",2026-03-23T21:42:00.943582+00:00,2026-08-19T01:08:00+00:00
ab6c5659-df0d-441b-8e21-a087ead43d97,620a82c0-1777-45fd-b876-89bdf4ce972d,,2425e3c6-524c-4cab-8322-2db51dfd6f11,CIM-009,Malla electrosoldada para refuerzo de firme. Se cuantifica por metro cuadrado de superficie o área neta realmente ejecutada y confirmada. Los parámetros constructivos que determinan el costo se documentan en el proyecto y en la tarjeta de P.U.; no modifican la identidad canónica del concepto.,Malla electrosoldada para refuerzo de firme.,,True,False,False,False,True,por_area,F_M2_DIRECTA,True,"V1.8: identidad, unidad y regla normalizadas contra documentación V1.4. Referencia ConstruBase separada de la identidad canónica.","{""catalog_version"":""V1.8"",""source"":""documentacion_reglas_v1_4"",""identity_authority"":""quantia_catalog_master"",""normalized_at"":""2026-08-19T01:08:00+00:00"",""legacy_construbase"":{""match"":{""score"":0.40147,""codigo"":""10401-202"",""unidad"":""M2"",""id_codigo"":""662""},""source"":""txt_partida_construbase"",""source_file"":""cimentacion_construbase_apu.txt"",""sin_match_activo"":false}}",2026-03-23T21:42:00.943582+00:00,2026-08-19T01:08:00+00:00
cf74803e-74c7-4cb2-a662-5dded0386713,14da115b-5a44-4ad5-9523-295ab1913412,,bc5da634-fc98-4bbe-855c-f74a9afc0f1b,COM-001,"Guarnición interior dentro del predio cuantificada por metro lineal de tramos confirmados. Sección, material, acabado y preparación se integran en proyecto y tarjeta de P.U.",Guarnición interior dentro del predio.,,True,False,False,False,True,por_perimetro,F_ML_DIRECTA,True,"V1.8: identidad, unidad y regla normalizadas contra documentación V1.4. Referencia ConstruBase separada de la identidad canónica.","{""catalog_version"":""V1.8"",""source"":""documentacion_reglas_v1_4"",""identity_authority"":""quantia_catalog_master"",""normalized_at"":""2026-08-19T01:08:00+00:00"",""legacy_construbase"":{""match"":{""score"":0.14446,""codigo"":""12101-203"",""unidad"":""PZA"",""id_codigo"":""5265""},""source"":""txt_partida_construbase"",""source_file"":""complementarias_construbase_apu.txt"",""sin_match_activo"":false}}",2026-03-23T21:42:00.943582+00:00,2026-08-19T01:08:00+00:00
9cc842a1-9b1c-4687-91ff-23e0f9f94a1c,14da115b-5a44-4ad5-9523-295ab1913412,,2425e3c6-524c-4cab-8322-2db51dfd6f11,COM-002,"Piso o andador interior de acceso cuantificado por metro cuadrado de superficie neta. Espesor, material, acabado, base y refuerzo se definen en proyecto y tarjeta de P.U.",Piso o andador interior de acceso.,,True,False,False,False,True,por_area,F_M2_DIRECTA,True,"V1.8: identidad, unidad y regla normalizadas contra documentación V1.4. Referencia ConstruBase separada de la identidad canónica.","{""catalog_version"":""V1.8"",""source"":""documentacion_reglas_v1_4"",""identity_authority"":""quantia_catalog_master"",""normalized_at"":""2026-08-19T01:08:00+00:00"",""legacy_construbase"":{""match"":{""score"":0.14913,""codigo"":""12101-202"",""unidad"":""PZA"",""id_codigo"":""5264""},""source"":""txt_partida_construbase"",""source_file"":""complementarias_construbase_apu.txt"",""sin_match_activo"":false}}",2026-03-23T21:42:00.943582+00:00,2026-08-19T01:08:00+00:00
f0784744-9b5b-46a5-97ec-fb7724dc1af3,14da115b-5a44-4ad5-9523-295ab1913412,,fee08fec-2591-42f8-ac50-06cbb4707173,COM-003,"Lavadero para patio de servicio. Se cuantifica por pieza completamente ejecutada, suministrada o instalada, según corresponda al concepto. Los parámetros constructivos que determinan el costo se documentan en el proyecto y en la tarjeta de P.U.; no modifican la identidad canónica del concepto.",Lavadero para patio de servicio.,,True,False,False,False,True,por_pieza,F_PZA_DIRECTA,True,"V1.8: identidad, unidad y regla normalizadas contra documentación V1.4. Referencia ConstruBase separada de la identidad canónica.","{""catalog_version"":""V1.8"",""source"":""documentacion_reglas_v1_4"",""identity_authority"":""quantia_catalog_master"",""normalized_at"":""2026-08-19T01:08:00+00:00"",""legacy_construbase"":{""match"":{""score"":0.20514,""codigo"":""11401-125RC"",""unidad"":""PZA"",""id_codigo"":""13663""},""source"":""txt_partida_construbase"",""source_file"":""complementarias_construbase_apu.txt"",""sin_match_activo"":false}}",2026-03-23T21:42:00.943582+00:00,2026-08-19T01:08:00+00:00
7d8fca10-d56b-40bc-847e-a9e1a099d567,14da115b-5a44-4ad5-9523-295ab1913412,,fee08fec-2591-42f8-ac50-06cbb4707173,COM-004,"Rejilla o coladera pluvial interior. Se cuantifica por pieza completamente ejecutada, suministrada o instalada, según corresponda al concepto. Los parámetros constructivos que determinan el costo se documentan en el proyecto y en la tarjeta de P.U.; no modifican la identidad canónica del concepto.",Rejilla o coladera pluvial interior.,,True,False,False,False,True,por_pieza,F_PZA_DIRECTA,True,"V1.8: identidad, unidad y regla normalizadas contra documentación V1.4. Referencia ConstruBase separada de la identidad canónica.","{""catalog_version"":""V1.8"",""source"":""documentacion_reglas_v1_4"",""identity_authority"":""quantia_catalog_master"",""normalized_at"":""2026-08-19T01:08:00+00:00"",""legacy_construbase"":{""match"":{""score"":0.19721,""codigo"":""11403-2514"",""unidad"":""PZA"",""id_codigo"":""14694""},""source"":""txt_partida_construbase"",""source_file"":""complementarias_construbase_apu.txt"",""sin_match_activo"":false}}",2026-03-23T21:42:00.943582+00:00,2026-08-19T01:08:00+00:00
2510f73a-12a7-44fc-b3fc-9ac4f769d48b,97406e4a-a6db-4e27-9b99-c72c43588dfd,,1a21fced-a7db-434a-8fd1-9b3588653eb0,ELE-001,Salida eléctrica para contacto dúplex. Se cuantifica por salida completa confirmada en proyecto o alcance. Los parámetros constructivos que determinan el costo se documentan en el proyecto y en la tarjeta de P.U.; no modifican la identidad canónica del concepto.,Salida eléctrica para contacto dúplex.,,True,False,False,True,True,por_salida,F_SALIDA_DIRECTA,True,"V1.8: identidad, unidad y regla normalizadas contra documentación V1.4. Referencia ConstruBase separada de la identidad canónica.","{""catalog_version"":""V1.8"",""source"":""documentacion_reglas_v1_4"",""identity_authority"":""quantia_catalog_master"",""normalized_at"":""2026-08-19T01:08:00+00:00"",""legacy_construbase"":{""match"":{""score"":0.42109,""codigo"":""12210-044"",""unidad"":""SAL"",""id_codigo"":""6329""},""source"":""txt_partida_construbase"",""source_file"":""electrica_construbase_apu.txt"",""sin_match_activo"":false}}",2026-03-23T21:42:00.943582+00:00,2026-08-19T01:08:00+00:00
cd1c09b5-1bbd-48da-af22-32f0c5c94425,97406e4a-a6db-4e27-9b99-c72c43588dfd,,1a21fced-a7db-434a-8fd1-9b3588653eb0,ELE-002,Salida eléctrica para apagador sencillo. Se cuantifica por salida completa confirmada en proyecto o alcance. Los parámetros constructivos que determinan el costo se documentan en el proyecto y en la tarjeta de P.U.; no modifican la identidad canónica del concepto.,Salida eléctrica para apagador sencillo.,,True,False,False,True,True,por_salida,F_SALIDA_DIRECTA,True,"V1.8: identidad, unidad y regla normalizadas contra documentación V1.4. Referencia ConstruBase separada de la identidad canónica.","{""catalog_version"":""V1.8"",""source"":""documentacion_reglas_v1_4"",""identity_authority"":""quantia_catalog_master"",""normalized_at"":""2026-08-19T01:08:00+00:00"",""legacy_construbase"":{""match"":{""score"":0.32768,""codigo"":""12210-023"",""unidad"":""SAL"",""id_codigo"":""6328""},""source"":""txt_partida_construbase"",""source_file"":""electrica_construbase_apu.txt"",""sin_match_activo"":false}}",2026-03-23T21:42:00.943582+00:00,2026-08-19T01:08:00+00:00
c3aa383d-94fe-41ed-9fee-d830ae109d22,97406e4a-a6db-4e27-9b99-c72c43588dfd,,1a21fced-a7db-434a-8fd1-9b3588653eb0,ELE-003,Salida eléctrica para control de iluminación especial. Se cuantifica por salida completa confirmada en proyecto o alcance. Los parámetros constructivos que determinan el costo se documentan en el proyecto y en la tarjeta de P.U.; no modifican la identidad canónica del concepto.,Salida eléctrica para control de iluminación especial.,,True,False,False,True,True,por_salida,F_SALIDA_DIRECTA,True,"V1.8: identidad, unidad y regla normalizadas contra documentación V1.4. Referencia ConstruBase separada de la identidad canónica.","{""catalog_version"":""V1.8"",""source"":""documentacion_reglas_v1_4"",""identity_authority"":""quantia_catalog_master"",""normalized_at"":""2026-08-19T01:08:00+00:00"",""legacy_construbase"":{""match"":{""score"":0.26429,""codigo"":""12210-021"",""unidad"":""SAL"",""id_codigo"":""24435""},""source"":""txt_partida_construbase"",""source_file"":""electrica_construbase_apu.txt"",""sin_match_activo"":false}}",2026-03-23T21:42:00.943582+00:00,2026-08-19T01:08:00+00:00
b6ae8f78-5d31-4ce2-83b5-f6354befb597,97406e4a-a6db-4e27-9b99-c72c43588dfd,,1a21fced-a7db-434a-8fd1-9b3588653eb0,ELE-004,Salida eléctrica para centro de luz. Se cuantifica por salida completa confirmada en proyecto o alcance. Los parámetros constructivos que determinan el costo se documentan en el proyecto y en la tarjeta de P.U.; no modifican la identidad canónica del concepto.,Salida eléctrica para centro de luz.,,True,False,False,True,True,por_salida,F_SALIDA_DIRECTA,True,"V1.8: identidad, unidad y regla normalizadas contra documentación V1.4. Referencia ConstruBase separada de la identidad canónica.","{""catalog_version"":""V1.8"",""source"":""documentacion_reglas_v1_4"",""identity_authority"":""quantia_catalog_master"",""normalized_at"":""2026-08-19T01:08:00+00:00"",""legacy_construbase"":{""match"":{""score"":0.2853,""codigo"":""SEL02"",""unidad"":""SAL"",""id_codigo"":""12824""},""source"":""txt_partida_construbase"",""source_file"":""electrica_construbase_apu.txt"",""sin_match_activo"":false}}",2026-03-23T21:42:00.943582+00:00,2026-08-19T01:08:00+00:00
c80a0616-73f6-4b1c-8b89-0fc04a84dca4,97406e4a-a6db-4e27-9b99-c72c43588dfd,,1a21fced-a7db-434a-8fd1-9b3588653eb0,ELE-005,Salida eléctrica para timbre o comunicación básica. Se cuantifica por salida completa confirmada en proyecto o alcance. Los parámetros constructivos que determinan el costo se documentan en el proyecto y en la tarjeta de P.U.; no modifican la identidad canónica del concepto.,Salida eléctrica para timbre o comunicación básica.,,True,False,False,True,True,por_salida,F_SALIDA_DIRECTA,True,"V1.8: identidad, unidad y regla normalizadas contra documentación V1.4. Referencia ConstruBase separada de la identidad canónica.","{""catalog_version"":""V1.8"",""source"":""documentacion_reglas_v1_4"",""identity_authority"":""quantia_catalog_master"",""normalized_at"":""2026-08-19T01:08:00+00:00"",""legacy_construbase"":{""match"":{""score"":0.19715,""codigo"":""12210-112"",""unidad"":""SAL"",""id_codigo"":""6337""},""source"":""txt_partida_construbase"",""source_file"":""electrica_construbase_apu.txt"",""sin_match_activo"":false}}",2026-03-23T21:42:00.943582+00:00,2026-08-19T01:08:00+00:00
8d886628-e0cd-4408-b446-880bbaf708e2,97406e4a-a6db-4e27-9b99-c72c43588dfd,,1a21fced-a7db-434a-8fd1-9b3588653eb0,ELE-006,Salida eléctrica especial para equipo doméstico. Se cuantifica por salida completa confirmada en proyecto o alcance. Los parámetros constructivos que determinan el costo se documentan en el proyecto y en la tarjeta de P.U.; no modifican la identidad canónica del concepto.,Salida eléctrica especial para equipo doméstico.,,True,False,False,True,True,por_salida,F_SALIDA_DIRECTA,True,"V1.8: identidad, unidad y regla normalizadas contra documentación V1.4. Referencia ConstruBase separada de la identidad canónica.","{""catalog_version"":""V1.8"",""source"":""documentacion_reglas_v1_4"",""identity_authority"":""quantia_catalog_master"",""normalized_at"":""2026-08-19T01:08:00+00:00"",""legacy_construbase"":{""match"":{""score"":0.2337,""codigo"":""12118-119"",""unidad"":""SAL"",""id_codigo"":""6565""},""source"":""txt_partida_construbase"",""source_file"":""electrica_construbase_apu.txt"",""sin_match_activo"":false}}",2026-03-23T21:42:00.943582+00:00,2026-08-19T01:08:00+00:00
255fdb27-e441-486e-a870-f94ae2af7c84,97406e4a-a6db-4e27-9b99-c72c43588dfd,,1a21fced-a7db-434a-8fd1-9b3588653eb0,ELE-007,Alimentador eléctrico principal de la vivienda. Se cuantifica por salida completa confirmada en proyecto o alcance. Los parámetros constructivos que determinan el costo se documentan en el proyecto y en la tarjeta de P.U.; no modifican la identidad canónica del concepto.,Alimentador eléctrico principal de la vivienda.,,True,False,False,True,True,por_salida,F_SALIDA_DIRECTA,True,"V1.8: identidad, unidad y regla normalizadas contra documentación V1.4. Referencia ConstruBase separada de la identidad canónica.","{""catalog_version"":""V1.8"",""source"":""documentacion_reglas_v1_4"",""identity_authority"":""quantia_catalog_master"",""normalized_at"":""2026-08-19T01:08:00+00:00"",""legacy_construbase"":{""match"":{""score"":0.39972,""codigo"":""12210-152"",""unidad"":""SAL"",""id_codigo"":""6602""},""source"":""txt_partida_construbase"",""source_file"":""electrica_construbase_apu.txt"",""sin_match_activo"":false}}",2026-03-23T21:42:00.943582+00:00,2026-08-19T01:08:00+00:00
b3ad89ed-ebe2-4896-86cc-57d29d9be981,97406e4a-a6db-4e27-9b99-c72c43588dfd,,fee08fec-2591-42f8-ac50-06cbb4707173,ELE-008,"Centro de carga para instalación eléctrica de vivienda. Se cuantifica por pieza completamente ejecutada, suministrada o instalada, según corresponda al concepto. Los parámetros constructivos que determinan el costo se documentan en el proyecto y en la tarjeta de P.U.; no modifican la identidad canónica del concepto.",Centro de carga para instalación eléctrica de vivienda.,,True,False,False,True,True,por_pieza,F_PZA_DIRECTA,True,"V1.8: identidad, unidad y regla normalizadas contra documentación V1.4. Referencia ConstruBase separada de la identidad canónica.","{""catalog_version"":""V1.8"",""source"":""documentacion_reglas_v1_4"",""identity_authority"":""quantia_catalog_master"",""normalized_at"":""2026-08-19T01:08:00+00:00"",""legacy_construbase"":{""match"":{""score"":0.4016,""codigo"":""12208-023"",""unidad"":""PZA"",""id_codigo"":""25306""},""source"":""txt_partida_construbase"",""source_file"":""electrica_construbase_apu.txt"",""sin_match_activo"":false}}",2026-03-23T21:42:00.943582+00:00,2026-08-19T01:08:00+00:00
1101a581-68d7-43a1-a1b3-9b6b991b987b,97406e4a-a6db-4e27-9b99-c72c43588dfd,,fee08fec-2591-42f8-ac50-06cbb4707173,ELE-009,"Tierra física para instalación eléctrica. Se cuantifica por pieza completamente ejecutada, suministrada o instalada, según corresponda al concepto. Los parámetros constructivos que determinan el costo se documentan en el proyecto y en la tarjeta de P.U.; no modifican la identidad canónica del concepto.",Tierra física para instalación eléctrica.,,True,False,False,True,True,por_pieza,F_PZA_DIRECTA,True,"V1.8: identidad, unidad y regla normalizadas contra documentación V1.4. Referencia ConstruBase separada de la identidad canónica.","{""catalog_version"":""V1.8"",""source"":""documentacion_reglas_v1_4"",""identity_authority"":""quantia_catalog_master"",""normalized_at"":""2026-08-19T01:08:00+00:00"",""legacy_construbase"":{""match"":{""score"":0.31405,""codigo"":""12401-007"",""unidad"":""PZA"",""id_codigo"":""6577""},""source"":""txt_partida_construbase"",""source_file"":""electrica_construbase_apu.txt"",""sin_match_activo"":false}}",2026-03-23T21:42:00.943582+00:00,2026-08-19T01:08:00+00:00
d51b834d-f105-4a07-826c-2adf7ef0eb7c,1127332f-b846-47aa-82f2-5546cbd818b6,,bc5da634-fc98-4bbe-855c-f74a9afc0f1b,EST-001,"Castillo de concreto reforzado cuantificado por metro lineal de longitud o altura real de castillos únicos confirmados. Se deben evitar duplicidades en nodos compartidos; sección, acero, concreto y cimbra se integran en la tarjeta de P.U.",Castillo de concreto reforzado.,,True,False,False,False,True,por_perimetro,F_ML_DIRECTA,True,"V1.8: identidad, unidad y regla normalizadas contra documentación V1.4. Referencia ConstruBase separada de la identidad canónica.","{""catalog_version"":""V1.8"",""source"":""documentacion_reglas_v1_4"",""identity_authority"":""quantia_catalog_master"",""normalized_at"":""2026-08-19T01:08:00+00:00"",""legacy_construbase"":{""match"":{""score"":0.18758,""codigo"":""10610-001"",""unidad"":""M2"",""id_codigo"":""2014""},""source"":""txt_partida_construbase"",""source_file"":""estructura_construbase_apu.txt"",""sin_match_activo"":false}}",2026-03-23T21:42:00.943582+00:00,2026-08-19T01:08:00+00:00
f9612d3d-a21a-4b45-bf25-21ca78b53398,1127332f-b846-47aa-82f2-5546cbd818b6,,bc5da634-fc98-4bbe-855c-f74a9afc0f1b,EST-002,"Cadena de cerramiento de concreto reforzado cuantificada por metro lineal de tramos confirmados. Sección, acero, concreto y cimbra forman parte de la tarjeta de P.U.",Cadena de cerramiento de concreto reforzado.,,True,False,False,False,True,por_perimetro,F_ML_DIRECTA,True,"V1.8: identidad, unidad y regla normalizadas contra documentación V1.4. Referencia ConstruBase separada de la identidad canónica.","{""catalog_version"":""V1.8"",""source"":""documentacion_reglas_v1_4"",""identity_authority"":""quantia_catalog_master"",""normalized_at"":""2026-08-19T01:08:00+00:00"",""legacy_construbase"":{""match"":{""score"":0.12487,""codigo"":""10304-058"",""unidad"":""M2"",""id_codigo"":""363""},""source"":""txt_partida_construbase"",""source_file"":""estructura_construbase_apu.txt"",""sin_match_activo"":false}}",2026-03-23T21:42:00.943582+00:00,2026-08-19T01:08:00+00:00
c4136b8e-80fd-47b2-a1aa-90cec44d8c7f,1127332f-b846-47aa-82f2-5546cbd818b6,,bc5da634-fc98-4bbe-855c-f74a9afc0f1b,EST-003,Columna de concreto reforzado. Se cuantifica por metro lineal de longitud real ejecutada y confirmada. Los parámetros constructivos que determinan el costo se documentan en el proyecto y en la tarjeta de P.U.; no modifican la identidad canónica del concepto.,Columna de concreto reforzado.,,True,False,False,False,True,por_perimetro,F_ML_DIRECTA,True,"V1.8: identidad, unidad y regla normalizadas contra documentación V1.4. Referencia ConstruBase separada de la identidad canónica.","{""catalog_version"":""V1.8"",""source"":""documentacion_reglas_v1_4"",""identity_authority"":""quantia_catalog_master"",""normalized_at"":""2026-08-19T01:08:00+00:00"",""legacy_construbase"":{""match"":{""score"":0.17207,""codigo"":""10702-113"",""unidad"":""M"",""id_codigo"":""2552""},""source"":""txt_partida_construbase"",""source_file"":""estructura_construbase_apu.txt"",""sin_match_activo"":false}}",2026-03-23T21:42:00.943582+00:00,2026-08-19T01:08:00+00:00
e5e761ad-eede-4ebf-a0d5-41da925a7f0a,1127332f-b846-47aa-82f2-5546cbd818b6,,bc5da634-fc98-4bbe-855c-f74a9afc0f1b,EST-004,Trabe de concreto reforzado. Se cuantifica por metro lineal de longitud real ejecutada y confirmada. Los parámetros constructivos que determinan el costo se documentan en el proyecto y en la tarjeta de P.U.; no modifican la identidad canónica del concepto.,Trabe de concreto reforzado.,,True,False,False,False,True,por_perimetro,F_ML_DIRECTA,True,"V1.8: identidad, unidad y regla normalizadas contra documentación V1.4. Referencia ConstruBase separada de la identidad canónica.","{""catalog_version"":""V1.8"",""source"":""documentacion_reglas_v1_4"",""identity_authority"":""quantia_catalog_master"",""normalized_at"":""2026-08-19T01:08:00+00:00"",""legacy_construbase"":{""match"":{""score"":0.17065,""codigo"":""10702-109"",""unidad"":""M"",""id_codigo"":""2536""},""source"":""txt_partida_construbase"",""source_file"":""estructura_construbase_apu.txt"",""sin_match_activo"":false}}",2026-03-23T21:42:00.943582+00:00,2026-08-19T01:08:00+00:00
9afda76e-c6bc-4238-9c7d-3fcc2e093898,1127332f-b846-47aa-82f2-5546cbd818b6,,2425e3c6-524c-4cab-8322-2db51dfd6f11,EST-005,"Losa maciza de concreto reforzado cuantificada por metro cuadrado de área neta de losa, descontando huecos de escaleras, domos y dobles alturas que no formen parte de ella. Espesor, armado, concreto y cimbra se integran en proyecto y tarjeta de P.U.",Losa maciza de concreto reforzado.,,True,False,False,False,True,por_area,F_M2_DIRECTA,True,"V1.8: identidad, unidad y regla normalizadas contra documentación V1.4. Referencia ConstruBase separada de la identidad canónica.","{""catalog_version"":""V1.8"",""source"":""documentacion_reglas_v1_4"",""identity_authority"":""quantia_catalog_master"",""normalized_at"":""2026-08-19T01:08:00+00:00"",""legacy_construbase"":{""match"":{""score"":0.1647,""codigo"":""10606-067"",""unidad"":""M"",""id_codigo"":""2245""},""source"":""txt_partida_construbase"",""source_file"":""estructura_construbase_apu.txt"",""sin_match_activo"":false}}",2026-03-23T21:42:00.943582+00:00,2026-08-19T01:08:00+00:00
fb8a6763-4983-46bd-add4-00f2dace5bcd,1127332f-b846-47aa-82f2-5546cbd818b6,,2425e3c6-524c-4cab-8322-2db51dfd6f11,EST-006,"Losa aligerada de vigueta y bovedilla cuantificada por metro cuadrado de área neta. Tipo, peralte, capa de compresión y especificaciones del sistema se definen en proyecto y tarjeta de P.U.",Losa aligerada de vigueta y bovedilla.,,True,False,False,False,True,por_area,F_M2_DIRECTA,True,"V1.8: identidad, unidad y regla normalizadas contra documentación V1.4. Referencia ConstruBase separada de la identidad canónica.","{""catalog_version"":""V1.8"",""source"":""documentacion_reglas_v1_4"",""identity_authority"":""quantia_catalog_master"",""normalized_at"":""2026-08-19T01:08:00+00:00"",""legacy_construbase"":{""match"":{""score"":0.15253,""codigo"":""10501-022"",""unidad"":""TON"",""id_codigo"":""1264""},""source"":""txt_partida_construbase"",""source_file"":""estructura_construbase_apu.txt"",""sin_match_activo"":false}}",2026-03-23T21:42:00.943582+00:00,2026-08-19T01:08:00+00:00
809108dc-eb0a-467f-94a9-7de36e9d8c71,1127332f-b846-47aa-82f2-5546cbd818b6,,2425e3c6-524c-4cab-8322-2db51dfd6f11,EST-007,"Losa aligerada de nervadura y casetón cuantificada por metro cuadrado de área neta. Retícula, nervaduras, casetones, peralte, armado y concreto se definen en proyecto y tarjeta de P.U.",Losa aligerada de nervadura y casetón.,,True,False,False,False,True,por_area,F_M2_DIRECTA,True,"V1.8: identidad, unidad y regla normalizadas contra documentación V1.4. Referencia ConstruBase separada de la identidad canónica.","{""catalog_version"":""V1.8"",""source"":""documentacion_reglas_v1_4"",""identity_authority"":""quantia_catalog_master"",""normalized_at"":""2026-08-19T01:08:00+00:00"",""legacy_construbase"":{""match"":{""score"":0.18535,""codigo"":""10502-001"",""unidad"":""M3"",""id_codigo"":""1375""},""source"":""txt_partida_construbase"",""source_file"":""estructura_construbase_apu.txt"",""sin_match_activo"":false}}",2026-03-23T21:42:00.943582+00:00,2026-08-19T01:08:00+00:00
db6cc725-7288-4689-b666-c966c90216e6,1127332f-b846-47aa-82f2-5546cbd818b6,,2425e3c6-524c-4cab-8322-2db51dfd6f11,EST-008,Registro histórico inactivo. La cimbra no se maneja como concepto presupuestal independiente en V1.8; queda integrada en las tarjetas de los elementos estructurales correspondientes.,Cimbra común para elementos de concreto.,,True,False,False,False,True,por_area,F_M2_DIRECTA,False,V1.8: concepto inactivo; la cimbra queda incluida en las tarjetas de elementos estructurales. UUID conservado por trazabilidad.,"{""catalog_version"":""V1.8"",""source"":""documentacion_reglas_v1_4"",""identity_authority"":""quantia_catalog_master"",""normalized_at"":""2026-08-19T01:08:00+00:00"",""legacy_construbase"":{""match"":{""score"":0.28133,""codigo"":""10604-101"",""unidad"":""M2"",""id_codigo"":""1802""},""source"":""txt_partida_construbase"",""source_file"":""estructura_construbase_apu.txt"",""sin_match_activo"":false}}",2026-03-23T21:42:00.943582+00:00,2026-08-19T01:08:00+00:00
75bfeec7-95b7-4313-829c-c3a505536695,1127332f-b846-47aa-82f2-5546cbd818b6,,90c32563-7122-44ea-81ef-a2ff02d340fb,EST-009,Acero de refuerzo para elementos estructurales. Se cuantifica por kilogramo de material realmente requerido conforme al proyecto. Los parámetros constructivos que determinan el costo se documentan en el proyecto y en la tarjeta de P.U.; no modifican la identidad canónica del concepto.,Acero de refuerzo para elementos estructurales.,,True,False,False,False,True,directa,F_OTRO_DIRECTA,True,"V1.8: identidad, unidad y regla normalizadas contra documentación V1.4. Referencia ConstruBase separada de la identidad canónica.","{""catalog_version"":""V1.8"",""source"":""documentacion_reglas_v1_4"",""identity_authority"":""quantia_catalog_master"",""normalized_at"":""2026-08-19T01:08:00+00:00"",""legacy_construbase"":{""match"":{""score"":0.29928,""codigo"":""10501-001"",""unidad"":""KG"",""id_codigo"":""1251""},""source"":""txt_partida_construbase"",""source_file"":""estructura_construbase_apu.txt"",""sin_match_activo"":false}}",2026-03-23T21:42:00.943582+00:00,2026-08-19T01:08:00+00:00
0cc30f42-8f18-4255-bb82-e559d3fe7159,1127332f-b846-47aa-82f2-5546cbd818b6,,fee08fec-2591-42f8-ac50-06cbb4707173,EST-010,Registro histórico inactivo. No existe definición técnica suficiente para mantenerlo como concepto presupuestal operativo.,Registro histórico EST-010 sin definición técnica operativa.,,True,False,True,True,True,por_pieza,F_PZA_DIRECTA,False,V1.8: concepto inactivo por falta de definición técnica real. UUID conservado por trazabilidad.,"{""catalog_version"":""V1.8"",""source"":""documentacion_reglas_v1_4"",""identity_authority"":""quantia_catalog_master"",""normalized_at"":""2026-08-19T01:08:00+00:00"",""legacy_construbase"":{""source"":""reglas_calculo_reales_xlsx"",""aligned_at"":""2026-03-25"",""aligned_rules_file"":""Reglas de calculo reales.xlsx"",""status"":""pendiente_definicion""}}",2026-03-26T00:19:19.76997+00:00,2026-08-19T01:08:00+00:00
3aead85f-c07c-4111-8988-3249698d537a,c39e64d4-2314-452b-9b0b-2f31509df552,,fee08fec-2591-42f8-ac50-06cbb4707173,HER-001,"Protección metálica en ventana o puerta. Se cuantifica por pieza completamente ejecutada, suministrada o instalada, según corresponda al concepto. Los parámetros constructivos que determinan el costo se documentan en el proyecto y en la tarjeta de P.U.; no modifican la identidad canónica del concepto.",Protección metálica en ventana o puerta.,,True,False,True,False,True,por_pieza,F_PZA_DIRECTA,True,"V1.8: identidad, unidad y regla normalizadas contra documentación V1.4. Referencia ConstruBase separada de la identidad canónica.","{""catalog_version"":""V1.8"",""source"":""documentacion_reglas_v1_4"",""identity_authority"":""quantia_catalog_master"",""normalized_at"":""2026-08-19T01:08:00+00:00"",""legacy_construbase"":{""match"":{""score"":0.17619,""codigo"":""12601-007"",""unidad"":""PZA"",""id_codigo"":""168123""},""source"":""txt_partida_construbase"",""source_file"":""herreria_construbase_apu.txt"",""sin_match_activo"":false}}",2026-03-23T21:42:00.943582+00:00,2026-08-19T01:08:00+00:00
f43322b4-539a-455e-a3d4-90344e55595b,c39e64d4-2314-452b-9b0b-2f31509df552,,bc5da634-fc98-4bbe-855c-f74a9afc0f1b,HER-002,"Barandal metálico cuantificado por metro lineal de tramo instalado. Altura, perfiles, separación, anclajes y acabado se definen en proyecto y tarjeta de P.U.",Barandal metálico.,,True,False,True,False,True,por_perimetro,F_ML_DIRECTA,True,"V1.8: identidad, unidad y regla normalizadas contra documentación V1.4. Referencia ConstruBase separada de la identidad canónica.","{""catalog_version"":""V1.8"",""source"":""documentacion_reglas_v1_4"",""identity_authority"":""quantia_catalog_master"",""normalized_at"":""2026-08-19T01:08:00+00:00"",""legacy_construbase"":{""match"":{""score"":0.12306,""codigo"":""EQTORRE"",""unidad"":""DIA"",""id_codigo"":""518""},""source"":""txt_partida_construbase"",""source_file"":""herreria_construbase_apu.txt"",""sin_match_activo"":false}}",2026-03-23T21:42:00.943582+00:00,2026-08-19T01:08:00+00:00
c86edf47-4fc6-4cea-97c1-fd7698b602fc,af4bf4aa-c827-4f2b-a637-c6fe42f93ba9,,1a21fced-a7db-434a-8fd1-9b3588653eb0,HID-001,Salida hidráulica para inodoro. Se cuantifica por salida completa confirmada en proyecto o alcance. Los parámetros constructivos que determinan el costo se documentan en el proyecto y en la tarjeta de P.U.; no modifican la identidad canónica del concepto.,Salida hidráulica para inodoro.,,True,False,False,True,True,por_salida,F_SALIDA_DIRECTA,True,"V1.8: identidad, unidad y regla normalizadas contra documentación V1.4. Referencia ConstruBase separada de la identidad canónica.","{""catalog_version"":""V1.8"",""source"":""documentacion_reglas_v1_4"",""identity_authority"":""quantia_catalog_master"",""normalized_at"":""2026-08-19T01:08:00+00:00"",""legacy_construbase"":{""match"":{""score"":0.37489,""codigo"":""12118-019"",""unidad"":""SAL"",""id_codigo"":""18863""},""source"":""txt_partida_construbase"",""source_file"":""hidraulica_construbase_apu.txt"",""sin_match_activo"":false}}",2026-03-23T21:42:00.943582+00:00,2026-08-19T01:08:00+00:00
308303e6-c602-4159-a782-ae2ccb38a659,af4bf4aa-c827-4f2b-a637-c6fe42f93ba9,,1a21fced-a7db-434a-8fd1-9b3588653eb0,HID-002,Salida hidráulica para lavabo. Se cuantifica por salida completa confirmada en proyecto o alcance. Los parámetros constructivos que determinan el costo se documentan en el proyecto y en la tarjeta de P.U.; no modifican la identidad canónica del concepto.,Salida hidráulica para lavabo.,,True,False,False,True,True,por_salida,F_SALIDA_DIRECTA,True,"V1.8: identidad, unidad y regla normalizadas contra documentación V1.4. Referencia ConstruBase separada de la identidad canónica.","{""catalog_version"":""V1.8"",""source"":""documentacion_reglas_v1_4"",""identity_authority"":""quantia_catalog_master"",""normalized_at"":""2026-08-19T01:08:00+00:00"",""legacy_construbase"":{""match"":{""score"":0.40128,""codigo"":""12118-038"",""unidad"":""SAL"",""id_codigo"":""18880""},""source"":""txt_partida_construbase"",""source_file"":""hidraulica_construbase_apu.txt"",""sin_match_activo"":false}}",2026-03-23T21:42:00.943582+00:00,2026-08-19T01:08:00+00:00
5a9f35f6-6ea2-4ffc-99ec-03158699549d,af4bf4aa-c827-4f2b-a637-c6fe42f93ba9,,1a21fced-a7db-434a-8fd1-9b3588653eb0,HID-003,Salida hidráulica para fregadero. Se cuantifica por salida completa confirmada en proyecto o alcance. Los parámetros constructivos que determinan el costo se documentan en el proyecto y en la tarjeta de P.U.; no modifican la identidad canónica del concepto.,Salida hidráulica para fregadero.,,True,False,False,True,True,por_salida,F_SALIDA_DIRECTA,True,"V1.8: identidad, unidad y regla normalizadas contra documentación V1.4. Referencia ConstruBase separada de la identidad canónica.","{""catalog_version"":""V1.8"",""source"":""documentacion_reglas_v1_4"",""identity_authority"":""quantia_catalog_master"",""normalized_at"":""2026-08-19T01:08:00+00:00"",""legacy_construbase"":{""match"":{""score"":0.39363,""codigo"":""12118-083"",""unidad"":""SAL"",""id_codigo"":""18922""},""source"":""txt_partida_construbase"",""source_file"":""hidraulica_construbase_apu.txt"",""sin_match_activo"":false}}",2026-03-23T21:42:00.943582+00:00,2026-08-19T01:08:00+00:00
98747cee-f462-4c8b-a5be-3d7e168112c5,af4bf4aa-c827-4f2b-a637-c6fe42f93ba9,,1a21fced-a7db-434a-8fd1-9b3588653eb0,HID-004,Salida hidráulica para regadera. Se cuantifica por salida completa confirmada en proyecto o alcance. Los parámetros constructivos que determinan el costo se documentan en el proyecto y en la tarjeta de P.U.; no modifican la identidad canónica del concepto.,Salida hidráulica para regadera.,,True,False,False,True,True,por_salida,F_SALIDA_DIRECTA,True,"V1.8: identidad, unidad y regla normalizadas contra documentación V1.4. Referencia ConstruBase separada de la identidad canónica.","{""catalog_version"":""V1.8"",""source"":""documentacion_reglas_v1_4"",""identity_authority"":""quantia_catalog_master"",""normalized_at"":""2026-08-19T01:08:00+00:00"",""legacy_construbase"":{""match"":{""score"":0.39697,""codigo"":""12118-002"",""unidad"":""SAL"",""id_codigo"":""18849""},""source"":""txt_partida_construbase"",""source_file"":""hidraulica_construbase_apu.txt"",""sin_match_activo"":false}}",2026-03-23T21:42:00.943582+00:00,2026-08-19T01:08:00+00:00
69d0a52a-8290-4125-8fbc-95d661e9ba2e,af4bf4aa-c827-4f2b-a637-c6fe42f93ba9,,1a21fced-a7db-434a-8fd1-9b3588653eb0,HID-005,Salida hidráulica para lavadora o servicio. Se cuantifica por salida completa confirmada en proyecto o alcance. Los parámetros constructivos que determinan el costo se documentan en el proyecto y en la tarjeta de P.U.; no modifican la identidad canónica del concepto.,Salida hidráulica para lavadora o servicio.,,True,False,False,True,True,por_salida,F_SALIDA_DIRECTA,True,"V1.8: identidad, unidad y regla normalizadas contra documentación V1.4. Referencia ConstruBase separada de la identidad canónica.","{""catalog_version"":""V1.8"",""source"":""documentacion_reglas_v1_4"",""identity_authority"":""quantia_catalog_master"",""normalized_at"":""2026-08-19T01:08:00+00:00"",""legacy_construbase"":{""match"":{""score"":0.3657,""codigo"":""12118-064"",""unidad"":""SAL"",""id_codigo"":""18905""},""source"":""txt_partida_construbase"",""source_file"":""hidraulica_construbase_apu.txt"",""sin_match_activo"":false}}",2026-03-23T21:42:00.943582+00:00,2026-08-19T01:08:00+00:00
d1199254-bd61-42eb-8fc9-26532f713313,af4bf4aa-c827-4f2b-a637-c6fe42f93ba9,,fee08fec-2591-42f8-ac50-06cbb4707173,HID-006,"Alimentación general de agua para vivienda. Se cuantifica por pieza completamente ejecutada, suministrada o instalada, según corresponda al concepto. Los parámetros constructivos que determinan el costo se documentan en el proyecto y en la tarjeta de P.U.; no modifican la identidad canónica del concepto.",Alimentación general de agua para vivienda.,,True,False,False,True,True,por_pieza,F_PZA_DIRECTA,True,"V1.8: identidad, unidad y regla normalizadas contra documentación V1.4. Referencia ConstruBase separada de la identidad canónica.","{""catalog_version"":""V1.8"",""source"":""documentacion_reglas_v1_4"",""identity_authority"":""quantia_catalog_master"",""normalized_at"":""2026-08-19T01:08:00+00:00"",""legacy_construbase"":{""match"":{""score"":0.39007,""codigo"":""SHS17"",""unidad"":""PZA"",""id_codigo"":""12902""},""source"":""txt_partida_construbase"",""source_file"":""hidraulica_construbase_apu.txt"",""sin_match_activo"":false}}",2026-03-23T21:42:00.943582+00:00,2026-08-19T01:08:00+00:00
67bdd80d-2051-4490-bb15-d96968b40498,af4bf4aa-c827-4f2b-a637-c6fe42f93ba9,,fee08fec-2591-42f8-ac50-06cbb4707173,HID-007,"Cisterna prefabricada para almacenamiento de agua cuantificada por pieza. Capacidad, conexiones, accesorios y condiciones de colocación se especifican en proyecto y tarjeta de P.U.",Cisterna prefabricada para almacenamiento de agua.,,True,False,False,True,True,por_pieza,F_PZA_DIRECTA,True,"V1.8: identidad, unidad y regla normalizadas contra documentación V1.4. Referencia ConstruBase separada de la identidad canónica.","{""catalog_version"":""V1.8"",""source"":""documentacion_reglas_v1_4"",""identity_authority"":""quantia_catalog_master"",""normalized_at"":""2026-08-19T01:08:00+00:00"",""legacy_construbase"":{""match"":{""score"":0.20423,""codigo"":""12118-214"",""unidad"":""M3"",""id_codigo"":""19024""},""source"":""txt_partida_construbase"",""source_file"":""hidraulica_construbase_apu.txt"",""sin_match_activo"":false}}",2026-03-23T21:42:00.943582+00:00,2026-08-19T01:08:00+00:00
900d0595-295f-4a41-b649-28fe542f1e98,af4bf4aa-c827-4f2b-a637-c6fe42f93ba9,,fee08fec-2591-42f8-ac50-06cbb4707173,HID-008,"Cisterna construida en sitio. Se cuantifica por pieza completamente ejecutada, suministrada o instalada, según corresponda al concepto. Los parámetros constructivos que determinan el costo se documentan en el proyecto y en la tarjeta de P.U.; no modifican la identidad canónica del concepto.",Cisterna construida en sitio.,,True,False,False,True,True,por_pieza,F_PZA_DIRECTA,True,"V1.8: identidad, unidad y regla normalizadas contra documentación V1.4. Referencia ConstruBase separada de la identidad canónica.","{""catalog_version"":""V1.8"",""source"":""documentacion_reglas_v1_4"",""identity_authority"":""quantia_catalog_master"",""normalized_at"":""2026-08-19T01:08:00+00:00"",""legacy_construbase"":{""match"":{""score"":0.15995,""codigo"":""10401-351"",""unidad"":""PZA"",""id_codigo"":""715""},""source"":""txt_partida_construbase"",""source_file"":""hidraulica_construbase_apu.txt"",""sin_match_activo"":false}}",2026-03-23T21:42:00.943582+00:00,2026-08-19T01:08:00+00:00
2e64d476-fe88-4d0e-912a-dc34c6cd4914,af4bf4aa-c827-4f2b-a637-c6fe42f93ba9,,fee08fec-2591-42f8-ac50-06cbb4707173,HID-009,"Tinaco para almacenamiento elevado de agua. Se cuantifica por pieza completamente ejecutada, suministrada o instalada, según corresponda al concepto. Los parámetros constructivos que determinan el costo se documentan en el proyecto y en la tarjeta de P.U.; no modifican la identidad canónica del concepto.",Tinaco para almacenamiento elevado de agua.,,True,False,False,True,True,por_pieza,F_PZA_DIRECTA,True,"V1.8: identidad, unidad y regla normalizadas contra documentación V1.4. Referencia ConstruBase separada de la identidad canónica.","{""catalog_version"":""V1.8"",""source"":""documentacion_reglas_v1_4"",""identity_authority"":""quantia_catalog_master"",""normalized_at"":""2026-08-19T01:08:00+00:00"",""legacy_construbase"":{""match"":{""score"":0.24984,""codigo"":""10303-010"",""unidad"":""PZA"",""id_codigo"":""60""},""source"":""txt_partida_construbase"",""source_file"":""hidraulica_construbase_apu.txt"",""sin_match_activo"":false}}",2026-03-23T21:42:00.943582+00:00,2026-08-19T01:08:00+00:00
023dc584-6685-4cf9-9d80-4d0d2e4e378f,af4bf4aa-c827-4f2b-a637-c6fe42f93ba9,,fee08fec-2591-42f8-ac50-06cbb4707173,HID-010,"Equipo de bombeo o presurización doméstica. Se cuantifica por pieza completamente ejecutada, suministrada o instalada, según corresponda al concepto. Los parámetros constructivos que determinan el costo se documentan en el proyecto y en la tarjeta de P.U.; no modifican la identidad canónica del concepto.",Equipo de bombeo o presurización doméstica.,,True,False,False,True,True,por_pieza,F_PZA_DIRECTA,True,"V1.8: identidad, unidad y regla normalizadas contra documentación V1.4. Referencia ConstruBase separada de la identidad canónica.","{""catalog_version"":""V1.8"",""source"":""documentacion_reglas_v1_4"",""identity_authority"":""quantia_catalog_master"",""normalized_at"":""2026-08-19T01:08:00+00:00"",""legacy_construbase"":{""match"":{""score"":0.25617,""codigo"":""12703-103"",""unidad"":""PZA"",""id_codigo"":""30149""},""source"":""txt_partida_construbase"",""source_file"":""hidraulica_construbase_apu.txt"",""sin_match_activo"":false}}",2026-03-23T21:42:00.943582+00:00,2026-08-19T01:08:00+00:00
cd4306e6-0343-416b-99c3-51faa04438e4,92b4caca-aa67-4d08-9372-7d1a0814b89d,,fee08fec-2591-42f8-ac50-06cbb4707173,MSA-001,"Inodoro completo. Se cuantifica por pieza completamente ejecutada, suministrada o instalada, según corresponda al concepto. Los parámetros constructivos que determinan el costo se documentan en el proyecto y en la tarjeta de P.U.; no modifican la identidad canónica del concepto.",Inodoro completo.,,True,False,True,False,True,por_pieza,F_PZA_DIRECTA,True,"V1.8: identidad, unidad y regla normalizadas contra documentación V1.4. Referencia ConstruBase separada de la identidad canónica.","{""catalog_version"":""V1.8"",""source"":""documentacion_reglas_v1_4"",""identity_authority"":""quantia_catalog_master"",""normalized_at"":""2026-08-19T01:08:00+00:00"",""legacy_construbase"":{""match"":{""score"":0.33741,""codigo"":""11403-WC MIURA"",""unidad"":""PZA"",""id_codigo"":""14795""},""source"":""txt_partida_construbase"",""source_file"":""muebles_sanitarios_construbase_apu.txt"",""sin_match_activo"":false}}",2026-03-23T21:42:00.943582+00:00,2026-08-19T01:08:00+00:00
bcf0ba0b-7892-49a8-9059-8eff51c55751,92b4caca-aa67-4d08-9372-7d1a0814b89d,,fee08fec-2591-42f8-ac50-06cbb4707173,MSA-002,"Lavabo con accesorios. Se cuantifica por pieza completamente ejecutada, suministrada o instalada, según corresponda al concepto. Los parámetros constructivos que determinan el costo se documentan en el proyecto y en la tarjeta de P.U.; no modifican la identidad canónica del concepto.",Lavabo con accesorios.,,True,False,True,False,True,por_pieza,F_PZA_DIRECTA,True,"V1.8: identidad, unidad y regla normalizadas contra documentación V1.4. Referencia ConstruBase separada de la identidad canónica.","{""catalog_version"":""V1.8"",""source"":""documentacion_reglas_v1_4"",""identity_authority"":""quantia_catalog_master"",""normalized_at"":""2026-08-19T01:08:00+00:00"",""legacy_construbase"":{""match"":{""score"":0.37162,""codigo"":""11401-30221SR"",""unidad"":""PZA"",""id_codigo"":""14080""},""source"":""txt_partida_construbase"",""source_file"":""muebles_sanitarios_construbase_apu.txt"",""sin_match_activo"":false}}",2026-03-23T21:42:00.943582+00:00,2026-08-19T01:08:00+00:00
083997d9-7f57-4d84-b703-b518b2d1ed03,92b4caca-aa67-4d08-9372-7d1a0814b89d,,fee08fec-2591-42f8-ac50-06cbb4707173,MSA-003,"Fregadero con accesorios. Se cuantifica por pieza completamente ejecutada, suministrada o instalada, según corresponda al concepto. Los parámetros constructivos que determinan el costo se documentan en el proyecto y en la tarjeta de P.U.; no modifican la identidad canónica del concepto.",Fregadero con accesorios.,,True,False,True,False,True,por_pieza,F_PZA_DIRECTA,True,"V1.8: identidad, unidad y regla normalizadas contra documentación V1.4. Referencia ConstruBase separada de la identidad canónica.","{""catalog_version"":""V1.8"",""source"":""documentacion_reglas_v1_4"",""identity_authority"":""quantia_catalog_master"",""normalized_at"":""2026-08-19T01:08:00+00:00"",""legacy_construbase"":{""match"":{""score"":0.38855,""codigo"":""11401-YZ.20.9"",""unidad"":""PZA"",""id_codigo"":""13455""},""source"":""txt_partida_construbase"",""source_file"":""muebles_sanitarios_construbase_apu.txt"",""sin_match_activo"":false}}",2026-03-23T21:42:00.943582+00:00,2026-08-19T01:08:00+00:00
44959cac-f0ab-47ba-ae36-ef6f23b9fe2c,92b4caca-aa67-4d08-9372-7d1a0814b89d,,fee08fec-2591-42f8-ac50-06cbb4707173,MSA-004,"Regadera con accesorios. Se cuantifica por pieza completamente ejecutada, suministrada o instalada, según corresponda al concepto. Los parámetros constructivos que determinan el costo se documentan en el proyecto y en la tarjeta de P.U.; no modifican la identidad canónica del concepto.",Regadera con accesorios.,,True,False,True,False,True,por_pieza,F_PZA_DIRECTA,True,"V1.8: identidad, unidad y regla normalizadas contra documentación V1.4. Referencia ConstruBase separada de la identidad canónica.","{""catalog_version"":""V1.8"",""source"":""documentacion_reglas_v1_4"",""identity_authority"":""quantia_catalog_master"",""normalized_at"":""2026-08-19T01:08:00+00:00"",""legacy_construbase"":{""match"":{""score"":0.46262,""codigo"":""11401-2948"",""unidad"":""PZA"",""id_codigo"":""13469""},""source"":""txt_partida_construbase"",""source_file"":""muebles_sanitarios_construbase_apu.txt"",""sin_match_activo"":false}}",2026-03-23T21:42:00.943582+00:00,2026-08-19T01:08:00+00:00
ae148808-45bb-42a9-96cc-0ee8b9296752,92b4caca-aa67-4d08-9372-7d1a0814b89d,,fee08fec-2591-42f8-ac50-06cbb4707173,MSA-005,"Grifería para muebles sanitarios. Se cuantifica por pieza completamente ejecutada, suministrada o instalada, según corresponda al concepto. Los parámetros constructivos que determinan el costo se documentan en el proyecto y en la tarjeta de P.U.; no modifican la identidad canónica del concepto.",Grifería para muebles sanitarios.,,True,False,True,False,True,por_pieza,F_PZA_DIRECTA,True,"V1.8: identidad, unidad y regla normalizadas contra documentación V1.4. Referencia ConstruBase separada de la identidad canónica.","{""catalog_version"":""V1.8"",""source"":""documentacion_reglas_v1_4"",""identity_authority"":""quantia_catalog_master"",""normalized_at"":""2026-08-19T01:08:00+00:00"",""legacy_construbase"":{""match"":{""score"":0.23386,""codigo"":""11401-3100"",""unidad"":""PZA"",""id_codigo"":""13508""},""source"":""txt_partida_construbase"",""source_file"":""muebles_sanitarios_construbase_apu.txt"",""sin_match_activo"":false}}",2026-03-23T21:42:00.943582+00:00,2026-08-19T01:08:00+00:00
2bab139b-0eef-4c71-bbf4-032bb12b04ce,92b4caca-aa67-4d08-9372-7d1a0814b89d,,fee08fec-2591-42f8-ac50-06cbb4707173,MSA-006,"Accesorios de baño. Se cuantifica por pieza completamente ejecutada, suministrada o instalada, según corresponda al concepto. Los parámetros constructivos que determinan el costo se documentan en el proyecto y en la tarjeta de P.U.; no modifican la identidad canónica del concepto.",Accesorios de baño.,,True,False,True,False,True,por_pieza,F_PZA_DIRECTA,True,"V1.8: identidad, unidad y regla normalizadas contra documentación V1.4. Referencia ConstruBase separada de la identidad canónica.","{""catalog_version"":""V1.8"",""source"":""documentacion_reglas_v1_4"",""identity_authority"":""quantia_catalog_master"",""normalized_at"":""2026-08-19T01:08:00+00:00"",""legacy_construbase"":{""match"":{""score"":0.23997,""codigo"":""11401-YZ.20"",""unidad"":""PZA"",""id_codigo"":""13454""},""source"":""txt_partida_construbase"",""source_file"":""muebles_sanitarios_construbase_apu.txt"",""sin_match_activo"":false}}",2026-03-23T21:42:00.943582+00:00,2026-08-19T01:08:00+00:00
949c3085-92fa-48a5-8f4b-102ee71ca0ae,33a298e1-4307-47bc-92e5-f4f98779c7d1,,1a21fced-a7db-434a-8fd1-9b3588653eb0,PLU-001,Bajante pluvial para desalojo de agua de lluvia. Se cuantifica por salida completa confirmada en proyecto o alcance. Los parámetros constructivos que determinan el costo se documentan en el proyecto y en la tarjeta de P.U.; no modifican la identidad canónica del concepto.,Bajante pluvial para desalojo de agua de lluvia.,,True,False,False,True,True,por_salida,F_SALIDA_DIRECTA,True,"V1.8: identidad, unidad y regla normalizadas contra documentación V1.4. Referencia ConstruBase separada de la identidad canónica.","{""catalog_version"":""V1.8"",""source"":""documentacion_reglas_v1_4"",""identity_authority"":""quantia_catalog_master"",""normalized_at"":""2026-08-19T01:08:00+00:00"",""legacy_construbase"":{""match"":{""score"":0.192,""codigo"":""12118-154"",""unidad"":""SAL"",""id_codigo"":""6296""},""source"":""txt_partida_construbase"",""source_file"":""pluvial_construbase_apu.txt"",""sin_match_activo"":false}}",2026-03-23T21:42:00.943582+00:00,2026-08-19T01:08:00+00:00
4dc8e1c9-351d-40db-bb64-89ce477cf70b,33a298e1-4307-47bc-92e5-f4f98779c7d1,,fee08fec-2591-42f8-ac50-06cbb4707173,PLU-002,"Coladera o rejilla pluvial interior. Se cuantifica por pieza completamente ejecutada, suministrada o instalada, según corresponda al concepto. Los parámetros constructivos que determinan el costo se documentan en el proyecto y en la tarjeta de P.U.; no modifican la identidad canónica del concepto.",Coladera o rejilla pluvial interior.,,True,False,False,True,True,por_pieza,F_PZA_DIRECTA,True,"V1.8: identidad, unidad y regla normalizadas contra documentación V1.4. Referencia ConstruBase separada de la identidad canónica.","{""catalog_version"":""V1.8"",""source"":""documentacion_reglas_v1_4"",""identity_authority"":""quantia_catalog_master"",""normalized_at"":""2026-08-19T01:08:00+00:00"",""legacy_construbase"":{""match"":{""score"":0.23791,""codigo"":""11403-24"",""unidad"":""PZA"",""id_codigo"":""14663""},""source"":""txt_partida_construbase"",""source_file"":""pluvial_construbase_apu.txt"",""sin_match_activo"":false}}",2026-03-23T21:42:00.943582+00:00,2026-08-19T01:08:00+00:00
12ecedb5-77f0-4c64-b0c1-8d49c5b180fb,33a298e1-4307-47bc-92e5-f4f98779c7d1,,fee08fec-2591-42f8-ac50-06cbb4707173,PLU-003,"Descarga pluvial interior del predio. Se cuantifica por pieza completamente ejecutada, suministrada o instalada, según corresponda al concepto. Los parámetros constructivos que determinan el costo se documentan en el proyecto y en la tarjeta de P.U.; no modifican la identidad canónica del concepto.",Descarga pluvial interior del predio.,,True,False,False,True,True,por_pieza,F_PZA_DIRECTA,True,"V1.8: identidad, unidad y regla normalizadas contra documentación V1.4. Referencia ConstruBase separada de la identidad canónica.","{""catalog_version"":""V1.8"",""source"":""documentacion_reglas_v1_4"",""identity_authority"":""quantia_catalog_master"",""normalized_at"":""2026-08-19T01:08:00+00:00"",""legacy_construbase"":{""match"":{""score"":0.19481,""codigo"":""12101-202"",""unidad"":""PZA"",""id_codigo"":""5264""},""source"":""txt_partida_construbase"",""source_file"":""pluvial_construbase_apu.txt"",""sin_match_activo"":false}}",2026-03-23T21:42:00.943582+00:00,2026-08-19T01:08:00+00:00
86a65e70-e568-4569-a48e-94d21728f79c,cb64ddb3-7c96-429e-9ec7-59fd7a218673,,2425e3c6-524c-4cab-8322-2db51dfd6f11,PRE-001,Trazo y nivelación del área de desplante para inicio de obra de vivienda. Se cuantifica por metro cuadrado de superficie o área neta realmente ejecutada y confirmada. Los parámetros constructivos que determinan el costo se documentan en el proyecto y en la tarjeta de P.U.; no modifican la identidad canónica del concepto.,Trazo y nivelación del área de desplante para inicio de obra de vivienda.,,True,False,False,False,True,por_area,F_M2_DIRECTA,True,"V1.8: identidad, unidad y regla normalizadas contra documentación V1.4. Referencia ConstruBase separada de la identidad canónica.","{""catalog_version"":""V1.8"",""source"":""documentacion_reglas_v1_4"",""identity_authority"":""quantia_catalog_master"",""normalized_at"":""2026-08-19T01:08:00+00:00"",""legacy_construbase"":{""match"":{""score"":null,""codigo"":null,""unidad"":null,""id_codigo"":null},""source"":""txt_partida_construbase"",""source_file"":""preliminares_construbase_apu.txt"",""sin_match_activo"":true,""aligned_at"":""2026-03-25"",""aligned_rules_file"":""Reglas de calculo reales.xlsx""}}",2026-03-23T21:42:00.943582+00:00,2026-08-19T01:08:00+00:00
ba6bf0b5-037d-4cfb-8c47-7c372550668b,cb64ddb3-7c96-429e-9ec7-59fd7a218673,,86274f0a-fd0a-4380-b58f-d460b2eca1a7,PRE-002,"Limpieza, desyerbe y despalme inicial del terreno en el área de intervención. Para el despalme volumétrico se adopta un espesor documental de 0.15 m, salvo dimensión distinta confirmada por proyecto o usuario.","Limpieza, desyerbe y despalme inicial del terreno para construcción.",,True,False,False,False,True,volumen_directo,F_M3_DIRECTA,True,"V1.8: identidad, unidad y regla normalizadas contra documentación V1.4. Referencia ConstruBase separada de la identidad canónica.","{""catalog_version"":""V1.8"",""source"":""documentacion_reglas_v1_4"",""identity_authority"":""quantia_catalog_master"",""normalized_at"":""2026-08-19T01:08:00+00:00"",""legacy_construbase"":{""match"":{""score"":0.09968,""codigo"":""11901-002"",""unidad"":""M2"",""id_codigo"":""6363""},""source"":""txt_partida_construbase"",""source_file"":""preliminares_construbase_apu.txt"",""sin_match_activo"":false,""aligned_at"":""2026-03-25"",""aligned_rules_file"":""Reglas de calculo reales.xlsx""}}",2026-03-23T21:42:00.943582+00:00,2026-08-19T01:08:00+00:00
15a462f9-4cbf-4908-bc28-3bbc48fc0b32,cb64ddb3-7c96-429e-9ec7-59fd7a218673,,86274f0a-fd0a-4380-b58f-d460b2eca1a7,PRE-003,Excavación manual para elementos de cimentación. Se cuantifica por metro cúbico de volumen real ejecutado y confirmado. Los parámetros constructivos que determinan el costo se documentan en el proyecto y en la tarjeta de P.U.; no modifican la identidad canónica del concepto.,Excavación manual para elementos de cimentación.,,True,False,False,False,True,por_volumen,F_M3_DIRECTA,True,"V1.8: identidad, unidad y regla normalizadas contra documentación V1.4. Referencia ConstruBase separada de la identidad canónica.","{""catalog_version"":""V1.8"",""source"":""documentacion_reglas_v1_4"",""identity_authority"":""quantia_catalog_master"",""normalized_at"":""2026-08-19T01:08:00+00:00"",""legacy_construbase"":{""match"":{""score"":0.3088,""codigo"":""10401-033"",""unidad"":""M3"",""id_codigo"":""1526""},""source"":""txt_partida_construbase"",""source_file"":""preliminares_construbase_apu.txt"",""sin_match_activo"":false}}",2026-03-23T21:42:00.943582+00:00,2026-08-19T01:08:00+00:00
c166a545-b192-4436-914c-8b4b50958483,cb64ddb3-7c96-429e-9ec7-59fd7a218673,,86274f0a-fd0a-4380-b58f-d460b2eca1a7,PRE-004,Excavación mecánica para preparación del área de desplante. Se cuantifica por metro cúbico de volumen real ejecutado y confirmado. Los parámetros constructivos que determinan el costo se documentan en el proyecto y en la tarjeta de P.U.; no modifican la identidad canónica del concepto.,Excavación mecánica para preparación del área de desplante.,,True,False,False,False,True,por_volumen,F_M3_DIRECTA,True,"V1.8: identidad, unidad y regla normalizadas contra documentación V1.4. Referencia ConstruBase separada de la identidad canónica.","{""catalog_version"":""V1.8"",""source"":""documentacion_reglas_v1_4"",""identity_authority"":""quantia_catalog_master"",""normalized_at"":""2026-08-19T01:08:00+00:00"",""legacy_construbase"":{""match"":{""score"":0.11661,""codigo"":""10401-001"",""unidad"":""M3"",""id_codigo"":""584""},""source"":""txt_partida_construbase"",""source_file"":""preliminares_construbase_apu.txt"",""sin_match_activo"":false}}",2026-03-23T21:42:00.943582+00:00,2026-08-19T01:08:00+00:00
21913471-cb87-472d-b2ec-3775a8416994,cb64ddb3-7c96-429e-9ec7-59fd7a218673,,86274f0a-fd0a-4380-b58f-d460b2eca1a7,PRE-005,"Retiro de material sobrante de excavación o demolición. El volumen a retirar se determina mediante balance de tierras, descontando el material apto que se reutilice en rellenos.",Retiro de material sobrante de excavación o demolición.,,True,False,False,False,True,volumen_directo,F_M3_DIRECTA,True,"V1.8: identidad, unidad y regla normalizadas contra documentación V1.4. Referencia ConstruBase separada de la identidad canónica.","{""catalog_version"":""V1.8"",""source"":""documentacion_reglas_v1_4"",""identity_authority"":""quantia_catalog_master"",""normalized_at"":""2026-08-19T01:08:00+00:00"",""legacy_construbase"":{""match"":{""score"":0.35356,""codigo"":""10401-107"",""unidad"":""M3/E"",""id_codigo"":""622""},""source"":""txt_partida_construbase"",""source_file"":""preliminares_construbase_apu.txt"",""sin_match_activo"":false,""aligned_at"":""2026-03-25"",""aligned_rules_file"":""Reglas de calculo reales.xlsx""}}",2026-03-23T21:42:00.943582+00:00,2026-08-19T01:08:00+00:00
b6f9ef23-00c8-4c29-955b-92caf6fccfd1,cb64ddb3-7c96-429e-9ec7-59fd7a218673,,86274f0a-fd0a-4380-b58f-d460b2eca1a7,PRE-006,"Relleno y compactación con material reutilizable producto de excavaciones de cimentación o cortes topográficos, siempre que sea apto. El faltante con material externo o de banco debe tratarse de manera independiente.","Relleno y compactación con material producto de excavación o cortes, apto para reutilización.",,True,False,False,False,True,por_volumen,F_M3_DIRECTA,True,"V1.8: identidad, unidad y regla normalizadas contra documentación V1.4. Referencia ConstruBase separada de la identidad canónica.","{""catalog_version"":""V1.8"",""source"":""documentacion_reglas_v1_4"",""identity_authority"":""quantia_catalog_master"",""normalized_at"":""2026-08-19T01:08:00+00:00"",""legacy_construbase"":{""match"":{""score"":0.35311,""codigo"":""10401-502"",""unidad"":""M3"",""id_codigo"":""734""},""source"":""txt_partida_construbase"",""source_file"":""preliminares_construbase_apu.txt"",""sin_match_activo"":false}}",2026-03-23T21:42:00.943582+00:00,2026-08-19T01:08:00+00:00
ea829c33-b61c-43f5-85d8-6dfe26101a13,cb64ddb3-7c96-429e-9ec7-59fd7a218673,,2425e3c6-524c-4cab-8322-2db51dfd6f11,PRE-007,Demolición manual o por medios mecanicos de elementos de concreto y muros existentes y retiro de escombro. Se cuantifica por metro cuadrado de superficie o área neta realmente ejecutada y confirmada. Los parámetros constructivos que determinan el costo se documentan en el proyecto y en la tarjeta de P.U.; no modifican la identidad canónica del concepto.,Demolición manual o por medios mecanicos de elementos de concreto y muros existentes y retiro de escombro.,,True,False,False,False,True,por_area,F_M2_DIRECTA,True,"V1.8: identidad, unidad y regla normalizadas contra documentación V1.4. Referencia ConstruBase separada de la identidad canónica.","{""catalog_version"":""V1.8"",""source"":""documentacion_reglas_v1_4"",""identity_authority"":""quantia_catalog_master"",""normalized_at"":""2026-08-19T01:08:00+00:00"",""legacy_construbase"":{""match"":{""score"":0.29598,""codigo"":""10304-401"",""unidad"":""M2"",""id_codigo"":""447""},""source"":""txt_partida_construbase"",""source_file"":""preliminares_construbase_apu.txt"",""sin_match_activo"":false,""code_revision"":""PRE-007"",""source_rules_revision"":""2026-03-25""}}",2026-03-23T21:42:00.943582+00:00,2026-08-19T01:08:00+00:00
7348eeb3-b9ab-433c-8813-c7ec61b06722,cb64ddb3-7c96-429e-9ec7-59fd7a218673,,2425e3c6-524c-4cab-8322-2db51dfd6f11,PRE-008,Retiro de acabados existentes para trabajos de remodelación o ampliación. Se cuantifica por metro cuadrado de superficie o área neta realmente ejecutada y confirmada. Los parámetros constructivos que determinan el costo se documentan en el proyecto y en la tarjeta de P.U.; no modifican la identidad canónica del concepto.,Retiro de acabados existentes para trabajos de remodelación o ampliación.,,True,False,False,False,True,por_area,F_M2_DIRECTA,True,"V1.8: identidad, unidad y regla normalizadas contra documentación V1.4. Referencia ConstruBase separada de la identidad canónica.","{""catalog_version"":""V1.8"",""source"":""documentacion_reglas_v1_4"",""identity_authority"":""quantia_catalog_master"",""normalized_at"":""2026-08-19T01:08:00+00:00"",""legacy_construbase"":{""match"":{""score"":0.19948,""codigo"":""10304-027"",""unidad"":""M2"",""id_codigo"":""344""},""source"":""txt_partida_construbase"",""source_file"":""preliminares_construbase_apu.txt"",""sin_match_activo"":false}}",2026-03-23T21:42:00.943582+00:00,2026-08-19T01:08:00+00:00
5b68929d-c860-4b87-9811-cde759fe13c2,cb64ddb3-7c96-429e-9ec7-59fd7a218673,,fee08fec-2591-42f8-ac50-06cbb4707173,PRE-010,"Sanitario provisional para uso durante la ejecución de la obra. Se cuantifica por pieza completamente ejecutada, suministrada o instalada, según corresponda al concepto. Los parámetros constructivos que determinan el costo se documentan en el proyecto y en la tarjeta de P.U.; no modifican la identidad canónica del concepto.",Sanitario provisional para uso durante la ejecución de la obra.,,True,False,False,False,True,por_pieza,F_PZA_DIRECTA,True,"V1.8: identidad, unidad y regla normalizadas contra documentación V1.4. Referencia ConstruBase separada de la identidad canónica.","{""catalog_version"":""V1.8"",""source"":""documentacion_reglas_v1_4"",""identity_authority"":""quantia_catalog_master"",""normalized_at"":""2026-08-19T01:08:00+00:00"",""legacy_construbase"":{""match"":{""score"":0.23216,""codigo"":""11601-7506185110310"",""unidad"":""PZA"",""id_codigo"":""32386""},""source"":""txt_partida_construbase"",""source_file"":""preliminares_construbase_apu.txt"",""sin_match_activo"":false}}",2026-03-23T21:42:00.943582+00:00,2026-08-19T01:08:00+00:00
5b2bb5d6-4575-4b23-bcd6-31218983f4ab,cb64ddb3-7c96-429e-9ec7-59fd7a218673,,9b83258a-67da-460e-85eb-ee1938b4a377,PRE-011,Trámite de licencia o permiso municipal de construcción. Se cuantifica por trámite efectivamente requerido y gestionado. Los parámetros constructivos que determinan el costo se documentan en el proyecto y en la tarjeta de P.U.; no modifican la identidad canónica del concepto.,Trámite de licencia o permiso municipal de construcción.,,True,False,False,False,True,por_tramite,F_TRAMITE_DIRECTA,True,"V1.8: identidad, unidad y regla normalizadas contra documentación V1.4. Referencia ConstruBase separada de la identidad canónica.","{""catalog_version"":""V1.8"",""source"":""documentacion_reglas_v1_4"",""identity_authority"":""quantia_catalog_master"",""normalized_at"":""2026-08-19T01:08:00+00:00"",""legacy_construbase"":{""match"":{""score"":null,""codigo"":null,""unidad"":null,""id_codigo"":null},""source"":""txt_partida_construbase"",""source_file"":""preliminares_construbase_apu.txt"",""sin_match_activo"":true,""aligned_at"":""2026-03-25"",""aligned_rules_file"":""Reglas de calculo reales.xlsx""}}",2026-03-23T21:42:00.943582+00:00,2026-08-19T01:08:00+00:00
df41bb3b-ff44-446c-8d2b-22feec860b34,828c8c0d-d51d-4579-8c48-a5de68d9c392,,1a21fced-a7db-434a-8fd1-9b3588653eb0,SAN-001,Salida sanitaria para inodoro. Se cuantifica por salida completa confirmada en proyecto o alcance. Los parámetros constructivos que determinan el costo se documentan en el proyecto y en la tarjeta de P.U.; no modifican la identidad canónica del concepto.,Salida sanitaria para inodoro.,,True,False,False,True,True,por_salida,F_SALIDA_DIRECTA,True,"V1.8: identidad, unidad y regla normalizadas contra documentación V1.4. Referencia ConstruBase separada de la identidad canónica.","{""catalog_version"":""V1.8"",""source"":""documentacion_reglas_v1_4"",""identity_authority"":""quantia_catalog_master"",""normalized_at"":""2026-08-19T01:08:00+00:00"",""legacy_construbase"":{""match"":{""score"":0.36613,""codigo"":""12118-044"",""unidad"":""SAL"",""id_codigo"":""18886""},""source"":""txt_partida_construbase"",""source_file"":""sanitaria_construbase_apu.txt"",""sin_match_activo"":false}}",2026-03-23T21:42:00.943582+00:00,2026-08-19T01:08:00+00:00
e4624b0d-c65f-4431-bd3c-b914427f42e7,828c8c0d-d51d-4579-8c48-a5de68d9c392,,1a21fced-a7db-434a-8fd1-9b3588653eb0,SAN-002,Salida sanitaria para lavabo. Se cuantifica por salida completa confirmada en proyecto o alcance. Los parámetros constructivos que determinan el costo se documentan en el proyecto y en la tarjeta de P.U.; no modifican la identidad canónica del concepto.,Salida sanitaria para lavabo.,,True,False,False,True,True,por_salida,F_SALIDA_DIRECTA,True,"V1.8: identidad, unidad y regla normalizadas contra documentación V1.4. Referencia ConstruBase separada de la identidad canónica.","{""catalog_version"":""V1.8"",""source"":""documentacion_reglas_v1_4"",""identity_authority"":""quantia_catalog_master"",""normalized_at"":""2026-08-19T01:08:00+00:00"",""legacy_construbase"":{""match"":{""score"":0.45804,""codigo"":""12118-045"",""unidad"":""SAL"",""id_codigo"":""18887""},""source"":""txt_partida_construbase"",""source_file"":""sanitaria_construbase_apu.txt"",""sin_match_activo"":false}}",2026-03-23T21:42:00.943582+00:00,2026-08-19T01:08:00+00:00
17593b4d-4fdb-4dc8-9930-4419252741e9,828c8c0d-d51d-4579-8c48-a5de68d9c392,,1a21fced-a7db-434a-8fd1-9b3588653eb0,SAN-003,Salida sanitaria para regadera. Se cuantifica por salida completa confirmada en proyecto o alcance. Los parámetros constructivos que determinan el costo se documentan en el proyecto y en la tarjeta de P.U.; no modifican la identidad canónica del concepto.,Salida sanitaria para regadera.,,True,False,False,True,True,por_salida,F_SALIDA_DIRECTA,True,"V1.8: identidad, unidad y regla normalizadas contra documentación V1.4. Referencia ConstruBase separada de la identidad canónica.","{""catalog_version"":""V1.8"",""source"":""documentacion_reglas_v1_4"",""identity_authority"":""quantia_catalog_master"",""normalized_at"":""2026-08-19T01:08:00+00:00"",""legacy_construbase"":{""match"":{""score"":0.4368,""codigo"":""12118-005"",""unidad"":""SAL"",""id_codigo"":""18851""},""source"":""txt_partida_construbase"",""source_file"":""sanitaria_construbase_apu.txt"",""sin_match_activo"":false}}",2026-03-23T21:42:00.943582+00:00,2026-08-19T01:08:00+00:00
f74e465a-0be0-49dc-925d-b1ff28e18916,828c8c0d-d51d-4579-8c48-a5de68d9c392,,1a21fced-a7db-434a-8fd1-9b3588653eb0,SAN-004,Salida sanitaria para fregadero. Se cuantifica por salida completa confirmada en proyecto o alcance. Los parámetros constructivos que determinan el costo se documentan en el proyecto y en la tarjeta de P.U.; no modifican la identidad canónica del concepto.,Salida sanitaria para fregadero.,,True,False,False,True,True,por_salida,F_SALIDA_DIRECTA,True,"V1.8: identidad, unidad y regla normalizadas contra documentación V1.4. Referencia ConstruBase separada de la identidad canónica.","{""catalog_version"":""V1.8"",""source"":""documentacion_reglas_v1_4"",""identity_authority"":""quantia_catalog_master"",""normalized_at"":""2026-08-19T01:08:00+00:00"",""legacy_construbase"":{""match"":{""score"":0.36307,""codigo"":""12118-047"",""unidad"":""SAL"",""id_codigo"":""18889""},""source"":""txt_partida_construbase"",""source_file"":""sanitaria_construbase_apu.txt"",""sin_match_activo"":false}}",2026-03-23T21:42:00.943582+00:00,2026-08-19T01:08:00+00:00
af76c8e4-c014-45e2-b886-87fdc9d3a3e9,828c8c0d-d51d-4579-8c48-a5de68d9c392,,1a21fced-a7db-434a-8fd1-9b3588653eb0,SAN-005,Salida sanitaria para lavadora o servicio. Se cuantifica por salida completa confirmada en proyecto o alcance. Los parámetros constructivos que determinan el costo se documentan en el proyecto y en la tarjeta de P.U.; no modifican la identidad canónica del concepto.,Salida sanitaria para lavadora o servicio.,,True,False,False,True,True,por_salida,F_SALIDA_DIRECTA,True,"V1.8: identidad, unidad y regla normalizadas contra documentación V1.4. Referencia ConstruBase separada de la identidad canónica.","{""catalog_version"":""V1.8"",""source"":""documentacion_reglas_v1_4"",""identity_authority"":""quantia_catalog_master"",""normalized_at"":""2026-08-19T01:08:00+00:00"",""legacy_construbase"":{""match"":{""score"":0.33765,""codigo"":""12118-113"",""unidad"":""SAL"",""id_codigo"":""18950""},""source"":""txt_partida_construbase"",""source_file"":""sanitaria_construbase_apu.txt"",""sin_match_activo"":false}}",2026-03-23T21:42:00.943582+00:00,2026-08-19T01:08:00+00:00
e7627cd0-4618-41d1-875e-1bccd7a76132,828c8c0d-d51d-4579-8c48-a5de68d9c392,,fee08fec-2591-42f8-ac50-06cbb4707173,SAN-006,"Registro sanitario con tapa cuantificado por pieza. Dimensiones, materiales, tapa, conexiones y profundidad se definen en proyecto y tarjeta de P.U.",Registro sanitario con tapa.,,True,False,False,True,True,por_pieza,F_PZA_DIRECTA,True,"V1.8: identidad, unidad y regla normalizadas contra documentación V1.4. Referencia ConstruBase separada de la identidad canónica.","{""catalog_version"":""V1.8"",""source"":""documentacion_reglas_v1_4"",""identity_authority"":""quantia_catalog_master"",""normalized_at"":""2026-08-19T01:08:00+00:00"",""legacy_construbase"":{""match"":{""score"":0.23615,""codigo"":""12118-021"",""unidad"":""SAL"",""id_codigo"":""18865""},""source"":""txt_partida_construbase"",""source_file"":""sanitaria_construbase_apu.txt"",""sin_match_activo"":false}}",2026-03-23T21:42:00.943582+00:00,2026-08-19T01:08:00+00:00
f12b2dd6-3b61-4f20-b7cb-d650c1ac3ac3,828c8c0d-d51d-4579-8c48-a5de68d9c392,,1a21fced-a7db-434a-8fd1-9b3588653eb0,SAN-007,Descarga sanitaria general de la vivienda. Se cuantifica por salida completa confirmada en proyecto o alcance. Los parámetros constructivos que determinan el costo se documentan en el proyecto y en la tarjeta de P.U.; no modifican la identidad canónica del concepto.,Descarga sanitaria general de la vivienda.,,True,False,False,True,True,por_salida,F_SALIDA_DIRECTA,True,"V1.8: identidad, unidad y regla normalizadas contra documentación V1.4. Referencia ConstruBase separada de la identidad canónica.","{""catalog_version"":""V1.8"",""source"":""documentacion_reglas_v1_4"",""identity_authority"":""quantia_catalog_master"",""normalized_at"":""2026-08-19T01:08:00+00:00"",""legacy_construbase"":{""match"":{""score"":0.19848,""codigo"":""12118-007"",""unidad"":""SAL"",""id_codigo"":""18853""},""source"":""txt_partida_construbase"",""source_file"":""sanitaria_construbase_apu.txt"",""sin_match_activo"":false}}",2026-03-23T21:42:00.943582+00:00,2026-08-19T01:08:00+00:00
493616e6-2b0d-43e2-aa21-6b5ae3384b08,828c8c0d-d51d-4579-8c48-a5de68d9c392,,1a21fced-a7db-434a-8fd1-9b3588653eb0,SAN-008,Ventila sanitaria hasta azotea. Se cuantifica por salida completa confirmada en proyecto o alcance. Los parámetros constructivos que determinan el costo se documentan en el proyecto y en la tarjeta de P.U.; no modifican la identidad canónica del concepto.,Ventila sanitaria hasta azotea.,,True,False,False,True,True,por_salida,F_SALIDA_DIRECTA,True,"V1.8: identidad, unidad y regla normalizadas contra documentación V1.4. Referencia ConstruBase separada de la identidad canónica.","{""catalog_version"":""V1.8"",""source"":""documentacion_reglas_v1_4"",""identity_authority"":""quantia_catalog_master"",""normalized_at"":""2026-08-19T01:08:00+00:00"",""legacy_construbase"":{""match"":{""score"":0.39709,""codigo"":""12118-046"",""unidad"":""SAL"",""id_codigo"":""18888""},""source"":""txt_partida_construbase"",""source_file"":""sanitaria_construbase_apu.txt"",""sin_match_activo"":false}}",2026-03-23T21:42:00.943582+00:00,2026-08-19T01:08:00+00:00
